[
  {
    "model": "api.company",
    "pk": 1,
    "fields": {
      "uuid": "aa4758b6-2723-41cd-beb0-a726bd88c8bb",
      "name": "Finch Farms",
      "legal_name": "Finch Farms LLC",
      "primary_contact_name": "",
      "phone": "",
      "email": "",
      "address": "900 Orange Rd.",
      "city": "Ojai",
      "county": "Ventura",
      "state": "CA",
      "zip_code": "93023",
      "operator_id": "",
      "business_license": "",
      "pca_license": "",
      "qal_license": "",
      "qac_license": "",
      "federal_tax_id": "",
      "state_tax_id": "",
      "website": "",
      "notes": "",
      "subscription_tier": "free",
      "subscription_start": null,
      "subscription_end": null,
      "max_farms": 3,
      "max_users": 5,
      "is_active": true,
      "created_at": "2025-12-18T15:07:47.597Z",
      "updated_at": "2025-12-19T00:16:17.258Z",
      "onboarding_completed": true,
      "onboarding_step": "complete",
      "onboarding_completed_at": "2025-12-18T15:11:21.165Z",
      "primary_crop": "Citrus - Mixed",
      "estimated_total_acres": 500
    }
  },
  {
    "model": "api.user",
    "fields": {
      "password": "pbkdf2_sha256$600000$Rue9f6k5pqHC2yuNxnvu3N$i70YEvndbHy7fds+nxwY8s2sIFXhVhbS5KndwM/uMHk=",
      "last_login": null,
      "is_superuser": true,
      "first_name": "",
      "last_name": "",
      "is_staff": true,
      "is_active": true,
      "date_joined": "2025-12-17T16:58:22.857Z",
      "email": "your@email.com",
      "phone": "",
      "job_title": "",
      "applicator_license": "",
      "license_expiration": null,
      "pca_license": "",
      "current_company": 1,
      "timezone": "America/Los_Angeles",
      "last_activity": "2026-01-24T13:22:08.547Z",
      "created_at": "2025-12-17T16:58:23.008Z",
      "updated_at": "2025-12-19T00:36:28.603Z",
      "groups": [],
      "user_permissions": []
    }
  },
  {
    "model": "api.user",
    "fields": {
      "password": "pbkdf2_sha256$600000$KyphXqdqiF2p10Bxng10SM$X5bVFmuG74vAdP2Samvh9G0BXc0arrGY6k4B6mg9TF4=",
      "last_login": null,
      "is_superuser": false,
      "first_name": "Michael",
      "last_name": "Finch",
      "is_staff": false,
      "is_active": true,
      "date_joined": "2026-01-15T22:50:02.583Z",
      "email": "michael@finchfarmsllc.com",
      "phone": "",
      "job_title": "",
      "applicator_license": "",
      "license_expiration": null,
      "pca_license": "",
      "current_company": 1,
      "timezone": "America/Los_Angeles",
      "last_activity": "2026-01-19T02:12:07.476Z",
      "created_at": "2026-01-15T22:50:02.778Z",
      "updated_at": "2026-01-20T13:28:37.255Z",
      "groups": [],
      "user_permissions": []
    }
  },
  {
    "model": "api.role",
    "pk": 1,
    "fields": {
      "name": "Owner",
      "codename": "owner",
      "description": "",
      "is_system_role": false,
      "created_at": "2025-12-18T15:07:47.601Z",
      "updated_at": "2025-12-18T15:07:47.601Z",
      "permissions": [
        4,
        5,
        3,
        2,
        1,
        7,
        6,
        11,
        10,
        16,
        15,
        13,
        14,
        12,
        9,
        8
      ]
    }
  },
  {
    "model": "api.role",
    "pk": 2,
    "fields": {
      "name": "Administrator",
      "codename": "admin",
      "description": "Full operational access, can manage users and settings",
      "is_system_role": true,
      "created_at": "2026-01-15T22:48:03.838Z",
      "updated_at": "2026-01-15T22:48:03.838Z",
      "permissions": [
        4,
        5,
        3,
        2,
        1,
        7,
        6,
        11,
        10,
        16,
        15,
        13,
        14,
        12,
        9,
        8
      ]
    }
  },
  {
    "model": "api.role",
    "pk": 3,
    "fields": {
      "name": "Farm Manager",
      "codename": "manager",
      "description": "Day-to-day operations management, can invite users",
      "is_system_role": true,
      "created_at": "2026-01-15T22:48:03.840Z",
      "updated_at": "2026-01-15T22:48:03.840Z",
      "permissions": [
        4,
        5,
        3,
        2,
        1,
        7,
        6,
        11,
        10,
        15,
        13,
        12,
        9,
        8
      ]
    }
  },
  {
    "model": "api.role",
    "pk": 4,
    "fields": {
      "name": "Certified Applicator",
      "codename": "applicator",
      "description": "Can record and sign pesticide applications",
      "is_system_role": true,
      "created_at": "2026-01-15T22:48:03.842Z",
      "updated_at": "2026-01-15T22:48:03.842Z",
      "permissions": [
        4,
        3,
        1,
        6,
        10,
        8
      ]
    }
  },
  {
    "model": "api.role",
    "pk": 5,
    "fields": {
      "name": "Field Worker",
      "codename": "worker",
      "description": "Basic access to view farms and record work",
      "is_system_role": true,
      "created_at": "2026-01-15T22:48:03.843Z",
      "updated_at": "2026-01-15T22:48:03.843Z",
      "permissions": [
        3,
        1,
        6
      ]
    }
  },
  {
    "model": "api.role",
    "pk": 6,
    "fields": {
      "name": "View Only",
      "codename": "viewer",
      "description": "Read-only access to all operational data",
      "is_system_role": true,
      "created_at": "2026-01-15T22:48:03.844Z",
      "updated_at": "2026-01-15T22:48:03.844Z",
      "permissions": [
        3,
        1,
        6,
        10,
        8
      ]
    }
  },
  {
    "model": "api.role",
    "pk": 7,
    "fields": {
      "name": "Pest Control Advisor",
      "codename": "pca",
      "description": "Can view data and create recommendations",
      "is_system_role": true,
      "created_at": "2026-01-15T22:48:03.846Z",
      "updated_at": "2026-01-15T22:48:03.846Z",
      "permissions": [
        4,
        3,
        1,
        6,
        11,
        10,
        8
      ]
    }
  },
  {
    "model": "api.role",
    "pk": 8,
    "fields": {
      "name": "Accountant",
      "codename": "accountant",
      "description": "Access to financial and reporting data",
      "is_system_role": true,
      "created_at": "2026-01-15T22:48:03.847Z",
      "updated_at": "2026-01-15T22:48:03.847Z",
      "permissions": [
        1,
        6,
        11,
        10
      ]
    }
  },
  {
    "model": "api.permission",
    "pk": 1,
    "fields": {
      "name": "View Farms",
      "codename": "view_farms",
      "description": "Can view farms and fields",
      "category": "farms"
    }
  },
  {
    "model": "api.permission",
    "pk": 2,
    "fields": {
      "name": "Manage Farms",
      "codename": "manage_farms",
      "description": "Can create, edit, delete farms and fields",
      "category": "farms"
    }
  },
  {
    "model": "api.permission",
    "pk": 3,
    "fields": {
      "name": "View Applications",
      "codename": "view_applications",
      "description": "Can view pesticide applications",
      "category": "applications"
    }
  },
  {
    "model": "api.permission",
    "pk": 4,
    "fields": {
      "name": "Create Applications",
      "codename": "create_applications",
      "description": "Can create pesticide applications",
      "category": "applications"
    }
  },
  {
    "model": "api.permission",
    "pk": 5,
    "fields": {
      "name": "Manage Applications",
      "codename": "manage_applications",
      "description": "Can edit and delete applications",
      "category": "applications"
    }
  },
  {
    "model": "api.permission",
    "pk": 6,
    "fields": {
      "name": "View Harvests",
      "codename": "view_harvests",
      "description": "Can view harvest records",
      "category": "harvests"
    }
  },
  {
    "model": "api.permission",
    "pk": 7,
    "fields": {
      "name": "Manage Harvests",
      "codename": "manage_harvests",
      "description": "Can create, edit, delete harvests",
      "category": "harvests"
    }
  },
  {
    "model": "api.permission",
    "pk": 8,
    "fields": {
      "name": "View Water Data",
      "codename": "view_water",
      "description": "Can view water sources and tests",
      "category": "water"
    }
  },
  {
    "model": "api.permission",
    "pk": 9,
    "fields": {
      "name": "Manage Water Data",
      "codename": "manage_water",
      "description": "Can manage water sources and tests",
      "category": "water"
    }
  },
  {
    "model": "api.permission",
    "pk": 10,
    "fields": {
      "name": "View Reports",
      "codename": "view_reports",
      "description": "Can view reports",
      "category": "reports"
    }
  },
  {
    "model": "api.permission",
    "pk": 11,
    "fields": {
      "name": "Export Reports",
      "codename": "export_reports",
      "description": "Can export reports",
      "category": "reports"
    }
  },
  {
    "model": "api.permission",
    "pk": 12,
    "fields": {
      "name": "View Users",
      "codename": "view_users",
      "description": "Can view team members",
      "category": "users"
    }
  },
  {
    "model": "api.permission",
    "pk": 13,
    "fields": {
      "name": "Invite Users",
      "codename": "invite_users",
      "description": "Can invite new team members",
      "category": "users"
    }
  },
  {
    "model": "api.permission",
    "pk": 14,
    "fields": {
      "name": "Manage Users",
      "codename": "manage_users",
      "description": "Can change roles and remove users",
      "category": "users"
    }
  },
  {
    "model": "api.permission",
    "pk": 15,
    "fields": {
      "name": "View Settings",
      "codename": "view_settings",
      "description": "Can view company settings",
      "category": "settings"
    }
  },
  {
    "model": "api.permission",
    "pk": 16,
    "fields": {
      "name": "Manage Settings",
      "codename": "manage_settings",
      "description": "Can modify company settings",
      "category": "settings"
    }
  },
  {
    "model": "api.companymembership",
    "pk": 1,
    "fields": {
      "user": [
        "your@email.com"
      ],
      "company": 1,
      "role": 1,
      "invited_by": null,
      "invited_at": null,
      "accepted_at": null,
      "is_active": true,
      "created_at": "2025-12-18T15:07:47.604Z",
      "updated_at": "2025-12-18T15:07:47.604Z",
      "allowed_farms": []
    }
  },
  {
    "model": "api.companymembership",
    "pk": 2,
    "fields": {
      "user": [
        "michael@finchfarmsllc.com"
      ],
      "company": 1,
      "role": 2,
      "invited_by": [
        "your@email.com"
      ],
      "invited_at": "2026-01-15T22:49:22.962Z",
      "accepted_at": "2026-01-15T22:50:02.854Z",
      "is_active": true,
      "created_at": "2026-01-15T22:50:02.854Z",
      "updated_at": "2026-01-15T22:50:02.854Z",
      "allowed_farms": []
    }
  },
  {
    "model": "api.invitation",
    "pk": 1,
    "fields": {
      "email": "michael@finchfarmsllc.com",
      "company": 1,
      "role": 2,
      "token": "ec004935-2892-4083-a6ec-7c03462cd466",
      "invited_by": [
        "your@email.com"
      ],
      "message": "",
      "status": "accepted",
      "expires_at": "2026-01-22T22:49:22.962Z",
      "created_at": "2026-01-15T22:49:22.962Z",
      "accepted_at": "2026-01-15T22:50:02.855Z"
    }
  },
  {
    "model": "api.auditlog",
    "pk": 1,
    "fields": {
      "user": [
        "your@email.com"
      ],
      "company": 1,
      "action": "login",
      "model_name": "User",
      "object_id": "1",
      "object_repr": "your@email.com",
      "changes": {},
      "ip_address": "127.0.0.1",
      "user_agent": "Mozilla/5.0 (Windows NT 10.0; Win64; x64) AppleWebKit/537.36 (KHTML, like Gecko) Chrome/143.0.0.0 Safari/537.36",
      "timestamp": "2025-12-18T23:44:06.571Z"
    }
  },
  {
    "model": "api.auditlog",
    "pk": 2,
    "fields": {
      "user": [
        "your@email.com"
      ],
      "company": 1,
      "action": "login",
      "model_name": "User",
      "object_id": "1",
      "object_repr": "your@email.com",
      "changes": {},
      "ip_address": "127.0.0.1",
      "user_agent": "Mozilla/5.0 (Windows NT 10.0; Win64; x64) AppleWebKit/537.36 (KHTML, like Gecko) Chrome/143.0.0.0 Safari/537.36",
      "timestamp": "2025-12-18T23:59:14.376Z"
    }
  },
  {
    "model": "api.auditlog",
    "pk": 3,
    "fields": {
      "user": [
        "your@email.com"
      ],
      "company": 1,
      "action": "login",
      "model_name": "User",
      "object_id": "1",
      "object_repr": "your@email.com",
      "changes": {},
      "ip_address": "127.0.0.1",
      "user_agent": "Mozilla/5.0 (Windows NT 10.0; Win64; x64) AppleWebKit/537.36 (KHTML, like Gecko) Chrome/143.0.0.0 Safari/537.36",
      "timestamp": "2025-12-19T00:07:53.611Z"
    }
  },
  {
    "model": "api.auditlog",
    "pk": 4,
    "fields": {
      "user": [
        "your@email.com"
      ],
      "company": 1,
      "action": "login",
      "model_name": "User",
      "object_id": "1",
      "object_repr": "your@email.com",
      "changes": {},
      "ip_address": "127.0.0.1",
      "user_agent": "Mozilla/5.0 (Windows NT 10.0; Win64; x64) AppleWebKit/537.36 (KHTML, like Gecko) Chrome/143.0.0.0 Safari/537.36",
      "timestamp": "2025-12-19T13:59:58.088Z"
    }
  },
  {
    "model": "api.auditlog",
    "pk": 5,
    "fields": {
      "user": [
        "your@email.com"
      ],
      "company": 1,
      "action": "login",
      "model_name": "User",
      "object_id": "1",
      "object_repr": "your@email.com",
      "changes": {},
      "ip_address": "127.0.0.1",
      "user_agent": "Mozilla/5.0 (Windows NT 10.0; Win64; x64) AppleWebKit/537.36 (KHTML, like Gecko) Chrome/143.0.0.0 Safari/537.36",
      "timestamp": "2026-01-09T23:14:58.881Z"
    }
  },
  {
    "model": "api.auditlog",
    "pk": 11,
    "fields": {
      "user": [
        "your@email.com"
      ],
      "company": 1,
      "action": "login",
      "model_name": "User",
      "object_id": "1",
      "object_repr": "your@email.com",
      "changes": {},
      "ip_address": "127.0.0.1",
      "user_agent": "Mozilla/5.0 (Windows NT 10.0; Win64; x64) AppleWebKit/537.36 (KHTML, like Gecko) Chrome/143.0.0.0 Safari/537.36",
      "timestamp": "2026-01-10T01:22:36.021Z"
    }
  },
  {
    "model": "api.auditlog",
    "pk": 12,
    "fields": {
      "user": [
        "your@email.com"
      ],
      "company": 1,
      "action": "login",
      "model_name": "User",
      "object_id": "1",
      "object_repr": "your@email.com",
      "changes": {},
      "ip_address": "127.0.0.1",
      "user_agent": "Mozilla/5.0 (Windows NT 10.0; Win64; x64) AppleWebKit/537.36 (KHTML, like Gecko) Chrome/143.0.0.0 Safari/537.36",
      "timestamp": "2026-01-11T00:23:21.113Z"
    }
  },
  {
    "model": "api.auditlog",
    "pk": 13,
    "fields": {
      "user": [
        "your@email.com"
      ],
      "company": 1,
      "action": "login",
      "model_name": "User",
      "object_id": "1",
      "object_repr": "your@email.com",
      "changes": {},
      "ip_address": "127.0.0.1",
      "user_agent": "Mozilla/5.0 (Windows NT 10.0; Win64; x64) AppleWebKit/537.36 (KHTML, like Gecko) Chrome/143.0.0.0 Safari/537.36",
      "timestamp": "2026-01-14T00:45:05.360Z"
    }
  },
  {
    "model": "api.auditlog",
    "pk": 14,
    "fields": {
      "user": [
        "your@email.com"
      ],
      "company": 1,
      "action": "login",
      "model_name": "User",
      "object_id": "1",
      "object_repr": "your@email.com",
      "changes": {},
      "ip_address": "127.0.0.1",
      "user_agent": "Mozilla/5.0 (Windows NT 10.0; Win64; x64) AppleWebKit/537.36 (KHTML, like Gecko) Chrome/143.0.0.0 Safari/537.36",
      "timestamp": "2026-01-14T20:08:40.937Z"
    }
  },
  {
    "model": "api.auditlog",
    "pk": 15,
    "fields": {
      "user": [
        "your@email.com"
      ],
      "company": 1,
      "action": "delete",
      "model_name": "Unknown",
      "object_id": "7",
      "object_repr": "Foster Park",
      "changes": {
        "deleted_record": {
          "name": "Foster Park"
        }
      },
      "ip_address": "127.0.0.1",
      "user_agent": "Mozilla/5.0 (Windows NT 10.0; Win64; x64) AppleWebKit/537.36 (KHTML, like Gecko) Chrome/143.0.0.0 Safari/537.36",
      "timestamp": "2026-01-14T20:16:45.706Z"
    }
  },
  {
    "model": "api.auditlog",
    "pk": 16,
    "fields": {
      "user": [
        "your@email.com"
      ],
      "company": 1,
      "action": "create",
      "model_name": "Unknown",
      "object_id": "3",
      "object_repr": "Block 1",
      "changes": {
        "farm": 8,
        "name": "Block 1",
        "active": 1.0,
        "county": "Ventura",
        "plss_range": "",
        "total_acres": 10.0,
        "current_crop": "Lemons",
        "field_number": "1",
        "gps_latitude": null,
        "plss_section": "",
        "gps_longitude": null,
        "planting_date": null,
        "plss_township": ""
      },
      "ip_address": "127.0.0.1",
      "user_agent": "Mozilla/5.0 (Windows NT 10.0; Win64; x64) AppleWebKit/537.36 (KHTML, like Gecko) Chrome/143.0.0.0 Safari/537.36",
      "timestamp": "2026-01-14T20:57:38.910Z"
    }
  },
  {
    "model": "api.auditlog",
    "pk": 17,
    "fields": {
      "user": [
        "your@email.com"
      ],
      "company": 1,
      "action": "delete",
      "model_name": "Unknown",
      "object_id": "3",
      "object_repr": "Block 1",
      "changes": {
        "deleted_record": {
          "name": "Block 1"
        }
      },
      "ip_address": "127.0.0.1",
      "user_agent": "Mozilla/5.0 (Windows NT 10.0; Win64; x64) AppleWebKit/537.36 (KHTML, like Gecko) Chrome/143.0.0.0 Safari/537.36",
      "timestamp": "2026-01-14T20:57:46.585Z"
    }
  },
  {
    "model": "api.auditlog",
    "pk": 18,
    "fields": {
      "user": [
        "your@email.com"
      ],
      "company": 1,
      "action": "login",
      "model_name": "User",
      "object_id": "1",
      "object_repr": "your@email.com",
      "changes": {},
      "ip_address": "127.0.0.1",
      "user_agent": "Mozilla/5.0 (Windows NT 10.0; Win64; x64) AppleWebKit/537.36 (KHTML, like Gecko) Chrome/143.0.0.0 Safari/537.36",
      "timestamp": "2026-01-15T13:33:02.354Z"
    }
  },
  {
    "model": "api.auditlog",
    "pk": 19,
    "fields": {
      "user": [
        "your@email.com"
      ],
      "company": 1,
      "action": "login",
      "model_name": "User",
      "object_id": "1",
      "object_repr": "your@email.com",
      "changes": {},
      "ip_address": "127.0.0.1",
      "user_agent": "Mozilla/5.0 (Windows NT 10.0; Win64; x64) AppleWebKit/537.36 (KHTML, like Gecko) Chrome/143.0.0.0 Safari/537.36",
      "timestamp": "2026-01-15T14:47:16.157Z"
    }
  },
  {
    "model": "api.auditlog",
    "pk": 20,
    "fields": {
      "user": [
        "your@email.com"
      ],
      "company": 1,
      "action": "login",
      "model_name": "User",
      "object_id": "1",
      "object_repr": "your@email.com",
      "changes": {},
      "ip_address": "127.0.0.1",
      "user_agent": "Mozilla/5.0 (Windows NT 10.0; Win64; x64) AppleWebKit/537.36 (KHTML, like Gecko) Chrome/143.0.0.0 Safari/537.36",
      "timestamp": "2026-01-15T18:28:51.416Z"
    }
  },
  {
    "model": "api.auditlog",
    "pk": 21,
    "fields": {
      "user": [
        "your@email.com"
      ],
      "company": 1,
      "action": "create",
      "model_name": "Unknown",
      "object_id": "2",
      "object_repr": "Block 1 - 2026-01-15 (Pick #1)",
      "changes": {
        "field": 2,
        "notes": "",
        "status": "in_progress",
        "total_bins": 100.0,
        "crop_variety": "navel_orange",
        "harvest_date": "2026-01-15",
        "phi_verified": 0.0,
        "bin_weight_lbs": 900.0,
        "harvest_number": 1.0,
        "acres_harvested": 10.0,
        "supervisor_name": "",
        "field_conditions": "",
        "equipment_cleaned": 0.0,
        "no_contamination_observed": 0.0
      },
      "ip_address": "127.0.0.1",
      "user_agent": "Mozilla/5.0 (Windows NT 10.0; Win64; x64) AppleWebKit/537.36 (KHTML, like Gecko) Chrome/143.0.0.0 Safari/537.36",
      "timestamp": "2026-01-15T18:29:58.128Z"
    }
  },
  {
    "model": "api.auditlog",
    "pk": 22,
    "fields": {
      "user": [
        "your@email.com"
      ],
      "company": 1,
      "action": "update",
      "model_name": "Unknown",
      "object_id": "2",
      "object_repr": "Block 1 - 2026-01-15 (Pick #1)",
      "changes": {
        "status": {
          "new": "complete",
          "old": "in_progress"
        },
        "estimated_weight_lbs": {
          "new": 90000,
          "old": "90000.00"
        }
      },
      "ip_address": "127.0.0.1",
      "user_agent": "Mozilla/5.0 (Windows NT 10.0; Win64; x64) AppleWebKit/537.36 (KHTML, like Gecko) Chrome/143.0.0.0 Safari/537.36",
      "timestamp": "2026-01-15T18:42:58.109Z"
    }
  },
  {
    "model": "api.auditlog",
    "pk": 23,
    "fields": {
      "user": [
        "your@email.com"
      ],
      "company": 1,
      "action": "update",
      "model_name": "Unknown",
      "object_id": "2",
      "object_repr": "Block 1 - 2026-01-15 (Pick #1)",
      "changes": {
        "estimated_weight_lbs": {
          "new": 90000,
          "old": "90000.00"
        }
      },
      "ip_address": "127.0.0.1",
      "user_agent": "Mozilla/5.0 (Windows NT 10.0; Win64; x64) AppleWebKit/537.36 (KHTML, like Gecko) Chrome/143.0.0.0 Safari/537.36",
      "timestamp": "2026-01-15T18:43:03.251Z"
    }
  },
  {
    "model": "api.auditlog",
    "pk": 24,
    "fields": {
      "user": [
        "your@email.com"
      ],
      "company": 1,
      "action": "login",
      "model_name": "User",
      "object_id": "1",
      "object_repr": "your@email.com",
      "changes": {},
      "ip_address": "127.0.0.1",
      "user_agent": "Mozilla/5.0 (Windows NT 10.0; Win64; x64) AppleWebKit/537.36 (KHTML, like Gecko) Chrome/143.0.0.0 Safari/537.36",
      "timestamp": "2026-01-15T22:32:25.535Z"
    }
  },
  {
    "model": "api.auditlog",
    "pk": 25,
    "fields": {
      "user": [
        "your@email.com"
      ],
      "company": 1,
      "action": "login",
      "model_name": "User",
      "object_id": "1",
      "object_repr": "your@email.com",
      "changes": {},
      "ip_address": "127.0.0.1",
      "user_agent": "Mozilla/5.0 (Windows NT 10.0; Win64; x64) AppleWebKit/537.36 (KHTML, like Gecko) Chrome/143.0.0.0 Safari/537.36",
      "timestamp": "2026-01-15T22:49:07.895Z"
    }
  },
  {
    "model": "api.auditlog",
    "pk": 26,
    "fields": {
      "user": [
        "your@email.com"
      ],
      "company": 1,
      "action": "invite",
      "model_name": "Invitation",
      "object_id": "1",
      "object_repr": "michael@finchfarmsllc.com",
      "changes": {
        "role": "2"
      },
      "ip_address": "127.0.0.1",
      "user_agent": "",
      "timestamp": "2026-01-15T22:49:22.963Z"
    }
  },
  {
    "model": "api.auditlog",
    "pk": 27,
    "fields": {
      "user": [
        "michael@finchfarmsllc.com"
      ],
      "company": 1,
      "action": "login",
      "model_name": "User",
      "object_id": "2",
      "object_repr": "michael@finchfarmsllc.com",
      "changes": {},
      "ip_address": "127.0.0.1",
      "user_agent": "Mozilla/5.0 (Windows NT 10.0; Win64; x64) AppleWebKit/537.36 (KHTML, like Gecko) Chrome/143.0.0.0 Safari/537.36",
      "timestamp": "2026-01-15T22:50:04.726Z"
    }
  },
  {
    "model": "api.auditlog",
    "pk": 28,
    "fields": {
      "user": [
        "your@email.com"
      ],
      "company": 1,
      "action": "login",
      "model_name": "User",
      "object_id": "1",
      "object_repr": "your@email.com",
      "changes": {},
      "ip_address": "127.0.0.1",
      "user_agent": "Mozilla/5.0 (Windows NT 10.0; Win64; x64) AppleWebKit/537.36 (KHTML, like Gecko) Chrome/143.0.0.0 Safari/537.36",
      "timestamp": "2026-01-16T02:18:01.564Z"
    }
  },
  {
    "model": "api.auditlog",
    "pk": 29,
    "fields": {
      "user": [
        "your@email.com"
      ],
      "company": 1,
      "action": "update",
      "model_name": "Unknown",
      "object_id": "8",
      "object_repr": "Foster Park",
      "changes": {
        "gps_latitude": {
          "new": "34.4458248",
          "old": null
        },
        "gps_longitude": {
          "new": "-119.0779359",
          "old": null
        }
      },
      "ip_address": "127.0.0.1",
      "user_agent": "Mozilla/5.0 (Windows NT 10.0; Win64; x64) AppleWebKit/537.36 (KHTML, like Gecko) Chrome/143.0.0.0 Safari/537.36",
      "timestamp": "2026-01-16T02:18:25.303Z"
    }
  },
  {
    "model": "api.auditlog",
    "pk": 30,
    "fields": {
      "user": [
        "your@email.com"
      ],
      "company": 1,
      "action": "update",
      "model_name": "Unknown",
      "object_id": "8",
      "object_repr": "Foster Park",
      "changes": {
        "address": {
          "new": "247 Casitas Vista Rd. Ventura, CA",
          "old": ""
        }
      },
      "ip_address": "127.0.0.1",
      "user_agent": "Mozilla/5.0 (Windows NT 10.0; Win64; x64) AppleWebKit/537.36 (KHTML, like Gecko) Chrome/143.0.0.0 Safari/537.36",
      "timestamp": "2026-01-16T02:18:44.298Z"
    }
  },
  {
    "model": "api.auditlog",
    "pk": 31,
    "fields": {
      "user": [
        "your@email.com"
      ],
      "company": 1,
      "action": "login",
      "model_name": "User",
      "object_id": "1",
      "object_repr": "your@email.com",
      "changes": {},
      "ip_address": "127.0.0.1",
      "user_agent": "Mozilla/5.0 (Windows NT 10.0; Win64; x64) AppleWebKit/537.36 (KHTML, like Gecko) Chrome/143.0.0.0 Safari/537.36",
      "timestamp": "2026-01-16T12:49:20.769Z"
    }
  },
  {
    "model": "api.auditlog",
    "pk": 32,
    "fields": {
      "user": [
        "your@email.com"
      ],
      "company": 1,
      "action": "login",
      "model_name": "User",
      "object_id": "1",
      "object_repr": "your@email.com",
      "changes": {},
      "ip_address": "127.0.0.1",
      "user_agent": "Mozilla/5.0 (Windows NT 10.0; Win64; x64) AppleWebKit/537.36 (KHTML, like Gecko) Chrome/143.0.0.0 Safari/537.36",
      "timestamp": "2026-01-16T13:01:37.624Z"
    }
  },
  {
    "model": "api.auditlog",
    "pk": 33,
    "fields": {
      "user": [
        "your@email.com"
      ],
      "company": 1,
      "action": "create",
      "model_name": "Unknown",
      "object_id": "1",
      "object_repr": "Load #1 - 10 bins to Unknown",
      "changes": {
        "bins": 10.0,
        "buyer": null,
        "grade": "standard",
        "notes": "",
        "harvest": 2,
        "truck_id": "",
        "price_unit": "per_bin",
        "size_grade": "113",
        "trailer_id": "",
        "weight_lbs": null,
        "driver_name": "",
        "load_number": 1.0,
        "seal_number": "",
        "arrival_time": null,
        "payment_date": "2026-01-02",
        "quality_notes": "",
        "total_revenue": 2500.0,
        "departure_time": null,
        "invoice_number": "",
        "payment_status": "paid",
        "price_per_unit": 250.0,
        "payment_due_date": null,
        "destination_address": "",
        "weight_ticket_number": "",
        "temperature_at_loading": null
      },
      "ip_address": "127.0.0.1",
      "user_agent": "Mozilla/5.0 (Windows NT 10.0; Win64; x64) AppleWebKit/537.36 (KHTML, like Gecko) Chrome/143.0.0.0 Safari/537.36",
      "timestamp": "2026-01-16T13:07:26.695Z"
    }
  },
  {
    "model": "api.auditlog",
    "pk": 34,
    "fields": {
      "user": [
        "your@email.com"
      ],
      "company": 1,
      "action": "create",
      "model_name": "Unknown",
      "object_id": "2",
      "object_repr": "Load #1 - 10 bins to Unknown",
      "changes": {
        "bins": 10.0,
        "buyer": null,
        "grade": "choice",
        "notes": "",
        "harvest": 2,
        "truck_id": "",
        "price_unit": "per_bin",
        "size_grade": "",
        "trailer_id": "",
        "weight_lbs": null,
        "driver_name": "",
        "load_number": 1.0,
        "seal_number": "",
        "arrival_time": null,
        "payment_date": null,
        "quality_notes": "",
        "total_revenue": 200.0,
        "departure_time": null,
        "invoice_number": "",
        "payment_status": "pending",
        "price_per_unit": 20.0,
        "payment_due_date": null,
        "destination_address": "",
        "weight_ticket_number": "",
        "temperature_at_loading": null
      },
      "ip_address": "127.0.0.1",
      "user_agent": "Mozilla/5.0 (Windows NT 10.0; Win64; x64) AppleWebKit/537.36 (KHTML, like Gecko) Chrome/143.0.0.0 Safari/537.36",
      "timestamp": "2026-01-16T13:18:12.460Z"
    }
  },
  {
    "model": "api.auditlog",
    "pk": 35,
    "fields": {
      "user": [
        "your@email.com"
      ],
      "company": 1,
      "action": "update",
      "model_name": "Unknown",
      "object_id": "2",
      "object_repr": "Load #1 - 10 bins to Unknown",
      "changes": {
        "price_per_unit": {
          "new": "200.00",
          "old": "20.00"
        }
      },
      "ip_address": "127.0.0.1",
      "user_agent": "Mozilla/5.0 (Windows NT 10.0; Win64; x64) AppleWebKit/537.36 (KHTML, like Gecko) Chrome/143.0.0.0 Safari/537.36",
      "timestamp": "2026-01-16T13:28:01.178Z"
    }
  },
  {
    "model": "api.auditlog",
    "pk": 36,
    "fields": {
      "user": [
        "your@email.com"
      ],
      "company": 1,
      "action": "update",
      "model_name": "Unknown",
      "object_id": "2",
      "object_repr": "Load #1 - 10 bins to Unknown",
      "changes": {
        "price_per_unit": {
          "new": "2000.00",
          "old": "200.00"
        }
      },
      "ip_address": "127.0.0.1",
      "user_agent": "Mozilla/5.0 (Windows NT 10.0; Win64; x64) AppleWebKit/537.36 (KHTML, like Gecko) Chrome/143.0.0.0 Safari/537.36",
      "timestamp": "2026-01-16T13:28:19.345Z"
    }
  },
  {
    "model": "api.auditlog",
    "pk": 37,
    "fields": {
      "user": [
        "your@email.com"
      ],
      "company": 1,
      "action": "update",
      "model_name": "Unknown",
      "object_id": "2",
      "object_repr": "Load #1 - 10 bins to Unknown",
      "changes": {
        "total_revenue": {
          "new": "20000.00",
          "old": "200.00"
        }
      },
      "ip_address": "127.0.0.1",
      "user_agent": "Mozilla/5.0 (Windows NT 10.0; Win64; x64) AppleWebKit/537.36 (KHTML, like Gecko) Chrome/143.0.0.0 Safari/537.36",
      "timestamp": "2026-01-16T13:31:42.755Z"
    }
  },
  {
    "model": "api.auditlog",
    "pk": 38,
    "fields": {
      "user": [
        "your@email.com"
      ],
      "company": 1,
      "action": "login",
      "model_name": "User",
      "object_id": "1",
      "object_repr": "your@email.com",
      "changes": {},
      "ip_address": "127.0.0.1",
      "user_agent": "Mozilla/5.0 (Windows NT 10.0; Win64; x64) AppleWebKit/537.36 (KHTML, like Gecko) Chrome/143.0.0.0 Safari/537.36",
      "timestamp": "2026-01-16T15:01:12.896Z"
    }
  },
  {
    "model": "api.auditlog",
    "pk": 39,
    "fields": {
      "user": [
        "your@email.com"
      ],
      "company": 1,
      "action": "update",
      "model_name": "Unknown",
      "object_id": "1",
      "object_repr": "Load #1 - 10 bins to Sunkist",
      "changes": {
        "buyer": {
          "new": 1,
          "old": null
        }
      },
      "ip_address": "127.0.0.1",
      "user_agent": "Mozilla/5.0 (Windows NT 10.0; Win64; x64) AppleWebKit/537.36 (KHTML, like Gecko) Chrome/143.0.0.0 Safari/537.36",
      "timestamp": "2026-01-16T15:01:29.648Z"
    }
  },
  {
    "model": "api.auditlog",
    "pk": 40,
    "fields": {
      "user": [
        "your@email.com"
      ],
      "company": 1,
      "action": "login",
      "model_name": "User",
      "object_id": "1",
      "object_repr": "your@email.com",
      "changes": {},
      "ip_address": "127.0.0.1",
      "user_agent": "Mozilla/5.0 (Windows NT 10.0; Win64; x64) AppleWebKit/537.36 (KHTML, like Gecko) Chrome/143.0.0.0 Safari/537.36",
      "timestamp": "2026-01-16T19:54:22.829Z"
    }
  },
  {
    "model": "api.auditlog",
    "pk": 41,
    "fields": {
      "user": [
        "your@email.com"
      ],
      "company": 1,
      "action": "login",
      "model_name": "User",
      "object_id": "1",
      "object_repr": "your@email.com",
      "changes": {},
      "ip_address": "127.0.0.1",
      "user_agent": "Mozilla/5.0 (Windows NT 10.0; Win64; x64) AppleWebKit/537.36 (KHTML, like Gecko) Chrome/143.0.0.0 Safari/537.36",
      "timestamp": "2026-01-16T21:35:57.635Z"
    }
  },
  {
    "model": "api.auditlog",
    "pk": 74,
    "fields": {
      "user": [
        "your@email.com"
      ],
      "company": 1,
      "action": "login",
      "model_name": "User",
      "object_id": "1",
      "object_repr": "your@email.com",
      "changes": {},
      "ip_address": "127.0.0.1",
      "user_agent": "Mozilla/5.0 (Windows NT 10.0; Win64; x64) AppleWebKit/537.36 (KHTML, like Gecko) Chrome/143.0.0.0 Safari/537.36",
      "timestamp": "2026-01-17T01:42:47.795Z"
    }
  },
  {
    "model": "api.auditlog",
    "pk": 75,
    "fields": {
      "user": [
        "your@email.com"
      ],
      "company": 1,
      "action": "login",
      "model_name": "User",
      "object_id": "1",
      "object_repr": "your@email.com",
      "changes": {},
      "ip_address": "127.0.0.1",
      "user_agent": "Mozilla/5.0 (Windows NT 10.0; Win64; x64) AppleWebKit/537.36 (KHTML, like Gecko) Chrome/143.0.0.0 Safari/537.36",
      "timestamp": "2026-01-17T02:48:32.257Z"
    }
  },
  {
    "model": "api.auditlog",
    "pk": 76,
    "fields": {
      "user": [
        "your@email.com"
      ],
      "company": 1,
      "action": "login",
      "model_name": "User",
      "object_id": "1",
      "object_repr": "your@email.com",
      "changes": {},
      "ip_address": "127.0.0.1",
      "user_agent": "Mozilla/5.0 (Windows NT 10.0; Win64; x64) AppleWebKit/537.36 (KHTML, like Gecko) Chrome/143.0.0.0 Safari/537.36",
      "timestamp": "2026-01-17T12:27:34.166Z"
    }
  },
  {
    "model": "api.auditlog",
    "pk": 77,
    "fields": {
      "user": [
        "your@email.com"
      ],
      "company": 1,
      "action": "login",
      "model_name": "User",
      "object_id": "1",
      "object_repr": "your@email.com",
      "changes": {},
      "ip_address": "127.0.0.1",
      "user_agent": "Mozilla/5.0 (Windows NT 10.0; Win64; x64) AppleWebKit/537.36 (KHTML, like Gecko) Chrome/143.0.0.0 Safari/537.36",
      "timestamp": "2026-01-17T13:52:38.769Z"
    }
  },
  {
    "model": "api.auditlog",
    "pk": 78,
    "fields": {
      "user": [
        "your@email.com"
      ],
      "company": 1,
      "action": "login",
      "model_name": "User",
      "object_id": "1",
      "object_repr": "your@email.com",
      "changes": {},
      "ip_address": "127.0.0.1",
      "user_agent": "Mozilla/5.0 (Windows NT 10.0; Win64; x64) AppleWebKit/537.36 (KHTML, like Gecko) Chrome/143.0.0.0 Safari/537.36",
      "timestamp": "2026-01-17T23:28:50.997Z"
    }
  },
  {
    "model": "api.auditlog",
    "pk": 79,
    "fields": {
      "user": [
        "your@email.com"
      ],
      "company": 1,
      "action": "delete",
      "model_name": "Unknown",
      "object_id": "9",
      "object_repr": "Office",
      "changes": {
        "deleted_record": {
          "name": "Office"
        }
      },
      "ip_address": "127.0.0.1",
      "user_agent": "Mozilla/5.0 (Windows NT 10.0; Win64; x64) AppleWebKit/537.36 (KHTML, like Gecko) Chrome/143.0.0.0 Safari/537.36",
      "timestamp": "2026-01-17T23:29:24.456Z"
    }
  },
  {
    "model": "api.auditlog",
    "pk": 80,
    "fields": {
      "user": [
        "your@email.com"
      ],
      "company": 1,
      "action": "create",
      "model_name": "Unknown",
      "object_id": "4",
      "object_repr": "Block 1",
      "changes": {
        "crop": 5,
        "farm": 10,
        "name": "Block 1",
        "notes": "",
        "active": 1.0,
        "county": "Ventura",
        "rootstock": null,
        "soil_type": "",
        "plss_range": "",
        "tree_count": null,
        "yield_unit": "bins",
        "total_acres": 10.0,
        "current_crop": "Eureka Lemon",
        "field_number": "",
        "gps_latitude": null,
        "plss_section": "",
        "year_planted": null,
        "gps_longitude": null,
        "planting_date": null,
        "plss_township": "",
        "organic_status": "conventional",
        "row_spacing_ft": null,
        "trees_per_acre": null,
        "trellis_system": "none",
        "irrigation_type": "",
        "row_orientation": "",
        "tree_spacing_ft": null,
        "organic_certifier": "",
        "organic_cert_number": "",
        "expected_yield_per_acre": null,
        "organic_cert_expiration": null
      },
      "ip_address": "127.0.0.1",
      "user_agent": "Mozilla/5.0 (Windows NT 10.0; Win64; x64) AppleWebKit/537.36 (KHTML, like Gecko) Chrome/143.0.0.0 Safari/537.36",
      "timestamp": "2026-01-17T23:30:08.412Z"
    }
  },
  {
    "model": "api.auditlog",
    "pk": 81,
    "fields": {
      "user": [
        "your@email.com"
      ],
      "company": 1,
      "action": "login",
      "model_name": "User",
      "object_id": "1",
      "object_repr": "your@email.com",
      "changes": {},
      "ip_address": "127.0.0.1",
      "user_agent": "Mozilla/5.0 (Windows NT 10.0; Win64; x64) AppleWebKit/537.36 (KHTML, like Gecko) Chrome/143.0.0.0 Safari/537.36",
      "timestamp": "2026-01-18T00:30:37.427Z"
    }
  },
  {
    "model": "api.auditlog",
    "pk": 82,
    "fields": {
      "user": [
        "your@email.com"
      ],
      "company": 1,
      "action": "login",
      "model_name": "User",
      "object_id": "1",
      "object_repr": "your@email.com",
      "changes": {},
      "ip_address": "127.0.0.1",
      "user_agent": "Mozilla/5.0 (Windows NT 10.0; Win64; x64) AppleWebKit/537.36 (KHTML, like Gecko) Chrome/143.0.0.0 Safari/537.36",
      "timestamp": "2026-01-18T03:51:33.721Z"
    }
  },
  {
    "model": "api.auditlog",
    "pk": 83,
    "fields": {
      "user": [
        "your@email.com"
      ],
      "company": 1,
      "action": "delete",
      "model_name": "Unknown",
      "object_id": "12",
      "object_repr": "San Antonio",
      "changes": {
        "deleted_record": {
          "name": "San Antonio"
        }
      },
      "ip_address": "127.0.0.1",
      "user_agent": "Mozilla/5.0 (Windows NT 10.0; Win64; x64) AppleWebKit/537.36 (KHTML, like Gecko) Chrome/143.0.0.0 Safari/537.36",
      "timestamp": "2026-01-18T04:20:51.518Z"
    }
  },
  {
    "model": "api.auditlog",
    "pk": 84,
    "fields": {
      "user": [
        "your@email.com"
      ],
      "company": 1,
      "action": "create",
      "model_name": "Unknown",
      "object_id": "5",
      "object_repr": "East",
      "changes": {
        "crop": 1,
        "farm": 11,
        "name": "East",
        "notes": "",
        "active": 1.0,
        "county": "Ventura",
        "rootstock": null,
        "soil_type": "",
        "plss_range": "",
        "tree_count": null,
        "yield_unit": "bins",
        "total_acres": 20.0,
        "current_crop": "Navel Orange",
        "field_number": "",
        "gps_latitude": null,
        "plss_section": "",
        "year_planted": null,
        "gps_longitude": null,
        "planting_date": null,
        "plss_township": "",
        "organic_status": "conventional",
        "row_spacing_ft": null,
        "trees_per_acre": null,
        "trellis_system": "none",
        "irrigation_type": "",
        "row_orientation": "",
        "tree_spacing_ft": null,
        "organic_certifier": "",
        "organic_cert_number": "",
        "expected_yield_per_acre": null,
        "organic_cert_expiration": null
      },
      "ip_address": "127.0.0.1",
      "user_agent": "Mozilla/5.0 (Windows NT 10.0; Win64; x64) AppleWebKit/537.36 (KHTML, like Gecko) Chrome/143.0.0.0 Safari/537.36",
      "timestamp": "2026-01-18T04:21:15.074Z"
    }
  },
  {
    "model": "api.auditlog",
    "pk": 85,
    "fields": {
      "user": [
        "your@email.com"
      ],
      "company": 1,
      "action": "login",
      "model_name": "User",
      "object_id": "1",
      "object_repr": "your@email.com",
      "changes": {},
      "ip_address": "127.0.0.1",
      "user_agent": "Mozilla/5.0 (Windows NT 10.0; Win64; x64) AppleWebKit/537.36 (KHTML, like Gecko) Chrome/143.0.0.0 Safari/537.36",
      "timestamp": "2026-01-18T04:52:27.211Z"
    }
  },
  {
    "model": "api.auditlog",
    "pk": 86,
    "fields": {
      "user": [
        "your@email.com"
      ],
      "company": 1,
      "action": "login",
      "model_name": "User",
      "object_id": "1",
      "object_repr": "your@email.com",
      "changes": {},
      "ip_address": "127.0.0.1",
      "user_agent": "Mozilla/5.0 (Windows NT 10.0; Win64; x64) AppleWebKit/537.36 (KHTML, like Gecko) Chrome/143.0.0.0 Safari/537.36",
      "timestamp": "2026-01-18T13:18:08.084Z"
    }
  },
  {
    "model": "api.auditlog",
    "pk": 87,
    "fields": {
      "user": [
        "your@email.com"
      ],
      "company": 1,
      "action": "login",
      "model_name": "User",
      "object_id": "1",
      "object_repr": "your@email.com",
      "changes": {},
      "ip_address": "127.0.0.1",
      "user_agent": "Mozilla/5.0 (Windows NT 10.0; Win64; x64) AppleWebKit/537.36 (KHTML, like Gecko) Chrome/143.0.0.0 Safari/537.36",
      "timestamp": "2026-01-18T13:32:33.892Z"
    }
  },
  {
    "model": "api.auditlog",
    "pk": 88,
    "fields": {
      "user": [
        "your@email.com"
      ],
      "company": 1,
      "action": "login",
      "model_name": "User",
      "object_id": "1",
      "object_repr": "your@email.com",
      "changes": {},
      "ip_address": "127.0.0.1",
      "user_agent": "Mozilla/5.0 (Windows NT 10.0; Win64; x64) AppleWebKit/537.36 (KHTML, like Gecko) Chrome/143.0.0.0 Safari/537.36",
      "timestamp": "2026-01-18T14:36:05.698Z"
    }
  },
  {
    "model": "api.auditlog",
    "pk": 89,
    "fields": {
      "user": [
        "your@email.com"
      ],
      "company": 1,
      "action": "update",
      "model_name": "Unknown",
      "object_id": "11",
      "object_repr": "San Antonio",
      "changes": {
        "gps_latitude": {
          "new": "34.4547727",
          "old": null
        },
        "gps_longitude": {
          "new": "-119.2195012",
          "old": null
        }
      },
      "ip_address": "127.0.0.1",
      "user_agent": "Mozilla/5.0 (Windows NT 10.0; Win64; x64) AppleWebKit/537.36 (KHTML, like Gecko) Chrome/143.0.0.0 Safari/537.36",
      "timestamp": "2026-01-18T14:40:51.198Z"
    }
  },
  {
    "model": "api.auditlog",
    "pk": 90,
    "fields": {
      "user": [
        "your@email.com"
      ],
      "company": 1,
      "action": "create",
      "model_name": "Unknown",
      "object_id": "1",
      "object_repr": "East",
      "changes": {
        "name": "East",
        "acres": 24.0,
        "field": 5,
        "notes": "",
        "active": 1.0,
        "tree_age": null,
        "crop_type": "citrus",
        "soil_type": "loam",
        "emitter_gph": null,
        "cimis_target": "",
        "water_source": null,
        "tree_spacing_ft": null,
        "application_rate": null,
        "cimis_target_type": "station",
        "emitters_per_tree": null,
        "irrigation_method": "sprinkler",
        "root_depth_inches": 36.0,
        "distribution_uniformity": 85.0,
        "soil_water_holding_capacity": 1.75,
        "management_allowable_depletion": 50.0
      },
      "ip_address": "127.0.0.1",
      "user_agent": "Mozilla/5.0 (Windows NT 10.0; Win64; x64) AppleWebKit/537.36 (KHTML, like Gecko) Chrome/143.0.0.0 Safari/537.36",
      "timestamp": "2026-01-18T14:42:00.248Z"
    }
  },
  {
    "model": "api.auditlog",
    "pk": 91,
    "fields": {
      "user": [
        "your@email.com"
      ],
      "company": 1,
      "action": "create",
      "model_name": "Unknown",
      "object_id": "2",
      "object_repr": "East",
      "changes": {
        "name": "East",
        "acres": 24.0,
        "field": 5,
        "notes": "",
        "active": 1.0,
        "tree_age": null,
        "crop_type": "citrus",
        "soil_type": "loam",
        "emitter_gph": null,
        "cimis_target": "",
        "water_source": null,
        "tree_spacing_ft": null,
        "application_rate": null,
        "cimis_target_type": "station",
        "emitters_per_tree": null,
        "irrigation_method": "sprinkler",
        "root_depth_inches": 36.0,
        "distribution_uniformity": 85.0,
        "soil_water_holding_capacity": 1.75,
        "management_allowable_depletion": 50.0
      },
      "ip_address": "127.0.0.1",
      "user_agent": "Mozilla/5.0 (Windows NT 10.0; Win64; x64) AppleWebKit/537.36 (KHTML, like Gecko) Chrome/143.0.0.0 Safari/537.36",
      "timestamp": "2026-01-18T14:43:23.842Z"
    }
  },
  {
    "model": "api.auditlog",
    "pk": 92,
    "fields": {
      "user": [
        "your@email.com"
      ],
      "company": 1,
      "action": "delete",
      "model_name": "Unknown",
      "object_id": "1",
      "object_repr": "East",
      "changes": {
        "deleted_record": {
          "name": "East"
        }
      },
      "ip_address": "127.0.0.1",
      "user_agent": "Mozilla/5.0 (Windows NT 10.0; Win64; x64) AppleWebKit/537.36 (KHTML, like Gecko) Chrome/143.0.0.0 Safari/537.36",
      "timestamp": "2026-01-18T14:45:49.109Z"
    }
  },
  {
    "model": "api.auditlog",
    "pk": 93,
    "fields": {
      "user": [
        "your@email.com"
      ],
      "company": 1,
      "action": "login",
      "model_name": "User",
      "object_id": "1",
      "object_repr": "your@email.com",
      "changes": {},
      "ip_address": "127.0.0.1",
      "user_agent": "Mozilla/5.0 (Windows NT 10.0; Win64; x64) AppleWebKit/537.36 (KHTML, like Gecko) Chrome/143.0.0.0 Safari/537.36",
      "timestamp": "2026-01-18T15:40:38.219Z"
    }
  },
  {
    "model": "api.auditlog",
    "pk": 94,
    "fields": {
      "user": [
        "michael@finchfarmsllc.com"
      ],
      "company": 1,
      "action": "login",
      "model_name": "User",
      "object_id": "2",
      "object_repr": "michael@finchfarmsllc.com",
      "changes": {},
      "ip_address": "127.0.0.1",
      "user_agent": "curl/8.17.0",
      "timestamp": "2026-01-18T15:58:46.937Z"
    }
  },
  {
    "model": "api.auditlog",
    "pk": 95,
    "fields": {
      "user": [
        "your@email.com"
      ],
      "company": 1,
      "action": "login",
      "model_name": "User",
      "object_id": "1",
      "object_repr": "your@email.com",
      "changes": {},
      "ip_address": "127.0.0.1",
      "user_agent": "Mozilla/5.0 (Windows NT 10.0; Win64; x64) AppleWebKit/537.36 (KHTML, like Gecko) Chrome/143.0.0.0 Safari/537.36",
      "timestamp": "2026-01-19T00:59:00.447Z"
    }
  },
  {
    "model": "api.auditlog",
    "pk": 96,
    "fields": {
      "user": [
        "michael@finchfarmsllc.com"
      ],
      "company": 1,
      "action": "login",
      "model_name": "User",
      "object_id": "2",
      "object_repr": "michael@finchfarmsllc.com",
      "changes": {},
      "ip_address": "127.0.0.1",
      "user_agent": "curl/8.17.0",
      "timestamp": "2026-01-19T01:31:25.204Z"
    }
  },
  {
    "model": "api.auditlog",
    "pk": 97,
    "fields": {
      "user": [
        "michael@finchfarmsllc.com"
      ],
      "company": 1,
      "action": "login",
      "model_name": "User",
      "object_id": "2",
      "object_repr": "michael@finchfarmsllc.com",
      "changes": {},
      "ip_address": "127.0.0.1",
      "user_agent": "curl/8.17.0",
      "timestamp": "2026-01-19T01:36:06.132Z"
    }
  },
  {
    "model": "api.auditlog",
    "pk": 98,
    "fields": {
      "user": [
        "michael@finchfarmsllc.com"
      ],
      "company": 1,
      "action": "login",
      "model_name": "User",
      "object_id": "2",
      "object_repr": "michael@finchfarmsllc.com",
      "changes": {},
      "ip_address": "127.0.0.1",
      "user_agent": "curl/8.17.0",
      "timestamp": "2026-01-19T01:38:54.540Z"
    }
  },
  {
    "model": "api.auditlog",
    "pk": 99,
    "fields": {
      "user": [
        "michael@finchfarmsllc.com"
      ],
      "company": 1,
      "action": "login",
      "model_name": "User",
      "object_id": "2",
      "object_repr": "michael@finchfarmsllc.com",
      "changes": {},
      "ip_address": "127.0.0.1",
      "user_agent": "curl/8.17.0",
      "timestamp": "2026-01-19T01:57:21.540Z"
    }
  },
  {
    "model": "api.auditlog",
    "pk": 100,
    "fields": {
      "user": [
        "your@email.com"
      ],
      "company": 1,
      "action": "login",
      "model_name": "User",
      "object_id": "1",
      "object_repr": "your@email.com",
      "changes": {},
      "ip_address": "127.0.0.1",
      "user_agent": "Mozilla/5.0 (Windows NT 10.0; Win64; x64) AppleWebKit/537.36 (KHTML, like Gecko) Chrome/143.0.0.0 Safari/537.36",
      "timestamp": "2026-01-19T02:01:19.850Z"
    }
  },
  {
    "model": "api.auditlog",
    "pk": 101,
    "fields": {
      "user": [
        "michael@finchfarmsllc.com"
      ],
      "company": 1,
      "action": "login",
      "model_name": "User",
      "object_id": "2",
      "object_repr": "michael@finchfarmsllc.com",
      "changes": {},
      "ip_address": "127.0.0.1",
      "user_agent": "curl/8.17.0",
      "timestamp": "2026-01-19T02:07:55.043Z"
    }
  },
  {
    "model": "api.auditlog",
    "pk": 102,
    "fields": {
      "user": [
        "michael@finchfarmsllc.com"
      ],
      "company": 1,
      "action": "login",
      "model_name": "User",
      "object_id": "2",
      "object_repr": "michael@finchfarmsllc.com",
      "changes": {},
      "ip_address": "127.0.0.1",
      "user_agent": "curl/8.17.0",
      "timestamp": "2026-01-19T02:08:07.365Z"
    }
  },
  {
    "model": "api.auditlog",
    "pk": 103,
    "fields": {
      "user": [
        "michael@finchfarmsllc.com"
      ],
      "company": 1,
      "action": "login",
      "model_name": "User",
      "object_id": "2",
      "object_repr": "michael@finchfarmsllc.com",
      "changes": {},
      "ip_address": "127.0.0.1",
      "user_agent": "curl/8.17.0",
      "timestamp": "2026-01-19T02:12:07.481Z"
    }
  },
  {
    "model": "api.auditlog",
    "pk": 104,
    "fields": {
      "user": [
        "your@email.com"
      ],
      "company": 1,
      "action": "login",
      "model_name": "User",
      "object_id": "1",
      "object_repr": "your@email.com",
      "changes": {},
      "ip_address": "127.0.0.1",
      "user_agent": "Mozilla/5.0 (Windows NT 10.0; Win64; x64) AppleWebKit/537.36 (KHTML, like Gecko) Chrome/143.0.0.0 Safari/537.36",
      "timestamp": "2026-01-19T03:46:51.201Z"
    }
  },
  {
    "model": "api.auditlog",
    "pk": 105,
    "fields": {
      "user": [
        "your@email.com"
      ],
      "company": 1,
      "action": "login",
      "model_name": "User",
      "object_id": "1",
      "object_repr": "your@email.com",
      "changes": {},
      "ip_address": "127.0.0.1",
      "user_agent": "Mozilla/5.0 (Windows NT 10.0; Win64; x64) AppleWebKit/537.36 (KHTML, like Gecko) Chrome/143.0.0.0 Safari/537.36",
      "timestamp": "2026-01-19T05:00:14.281Z"
    }
  },
  {
    "model": "api.auditlog",
    "pk": 106,
    "fields": {
      "user": [
        "your@email.com"
      ],
      "company": 1,
      "action": "login",
      "model_name": "User",
      "object_id": "1",
      "object_repr": "your@email.com",
      "changes": {},
      "ip_address": "127.0.0.1",
      "user_agent": "Mozilla/5.0 (Windows NT 10.0; Win64; x64) AppleWebKit/537.36 (KHTML, like Gecko) Chrome/143.0.0.0 Safari/537.36",
      "timestamp": "2026-01-19T13:28:51.111Z"
    }
  },
  {
    "model": "api.auditlog",
    "pk": 107,
    "fields": {
      "user": [
        "your@email.com"
      ],
      "company": 1,
      "action": "login",
      "model_name": "User",
      "object_id": "1",
      "object_repr": "your@email.com",
      "changes": {},
      "ip_address": "127.0.0.1",
      "user_agent": "Mozilla/5.0 (Windows NT 10.0; Win64; x64) AppleWebKit/537.36 (KHTML, like Gecko) Chrome/143.0.0.0 Safari/537.36",
      "timestamp": "2026-01-19T14:29:13.070Z"
    }
  },
  {
    "model": "api.auditlog",
    "pk": 108,
    "fields": {
      "user": [
        "your@email.com"
      ],
      "company": 1,
      "action": "login",
      "model_name": "User",
      "object_id": "1",
      "object_repr": "your@email.com",
      "changes": {},
      "ip_address": "127.0.0.1",
      "user_agent": "Mozilla/5.0 (Windows NT 10.0; Win64; x64) AppleWebKit/537.36 (KHTML, like Gecko) Chrome/143.0.0.0 Safari/537.36",
      "timestamp": "2026-01-19T15:32:38.167Z"
    }
  },
  {
    "model": "api.auditlog",
    "pk": 109,
    "fields": {
      "user": [
        "your@email.com"
      ],
      "company": 1,
      "action": "login",
      "model_name": "User",
      "object_id": "1",
      "object_repr": "your@email.com",
      "changes": {},
      "ip_address": "127.0.0.1",
      "user_agent": "Mozilla/5.0 (Windows NT 10.0; Win64; x64) AppleWebKit/537.36 (KHTML, like Gecko) Chrome/143.0.0.0 Safari/537.36",
      "timestamp": "2026-01-19T22:19:24.543Z"
    }
  },
  {
    "model": "api.auditlog",
    "pk": 110,
    "fields": {
      "user": [
        "your@email.com"
      ],
      "company": 1,
      "action": "login",
      "model_name": "User",
      "object_id": "1",
      "object_repr": "your@email.com",
      "changes": {},
      "ip_address": "127.0.0.1",
      "user_agent": "Mozilla/5.0 (Windows NT 10.0; Win64; x64) AppleWebKit/537.36 (KHTML, like Gecko) Chrome/143.0.0.0 Safari/537.36",
      "timestamp": "2026-01-20T00:55:28.035Z"
    }
  },
  {
    "model": "api.auditlog",
    "pk": 111,
    "fields": {
      "user": [
        "your@email.com"
      ],
      "company": 1,
      "action": "login",
      "model_name": "User",
      "object_id": "1",
      "object_repr": "your@email.com",
      "changes": {},
      "ip_address": "127.0.0.1",
      "user_agent": "Mozilla/5.0 (Windows NT 10.0; Win64; x64) AppleWebKit/537.36 (KHTML, like Gecko) Chrome/143.0.0.0 Safari/537.36",
      "timestamp": "2026-01-20T13:09:03.069Z"
    }
  },
  {
    "model": "api.auditlog",
    "pk": 112,
    "fields": {
      "user": [
        "your@email.com"
      ],
      "company": 1,
      "action": "login",
      "model_name": "User",
      "object_id": "1",
      "object_repr": "your@email.com",
      "changes": {},
      "ip_address": "127.0.0.1",
      "user_agent": "Mozilla/5.0 (Windows NT 10.0; Win64; x64) AppleWebKit/537.36 (KHTML, like Gecko) Chrome/144.0.0.0 Safari/537.36",
      "timestamp": "2026-01-21T18:44:36.865Z"
    }
  },
  {
    "model": "api.auditlog",
    "pk": 113,
    "fields": {
      "user": [
        "your@email.com"
      ],
      "company": 1,
      "action": "login",
      "model_name": "User",
      "object_id": "1",
      "object_repr": "your@email.com",
      "changes": {},
      "ip_address": "127.0.0.1",
      "user_agent": "Mozilla/5.0 (Windows NT 10.0; Win64; x64) AppleWebKit/537.36 (KHTML, like Gecko) Chrome/144.0.0.0 Safari/537.36",
      "timestamp": "2026-01-21T19:03:27.987Z"
    }
  },
  {
    "model": "api.auditlog",
    "pk": 114,
    "fields": {
      "user": [
        "your@email.com"
      ],
      "company": 1,
      "action": "login",
      "model_name": "User",
      "object_id": "1",
      "object_repr": "your@email.com",
      "changes": {},
      "ip_address": "127.0.0.1",
      "user_agent": "Mozilla/5.0 (Windows NT 10.0; Win64; x64) AppleWebKit/537.36 (KHTML, like Gecko) Chrome/144.0.0.0 Safari/537.36",
      "timestamp": "2026-01-21T19:29:14.466Z"
    }
  },
  {
    "model": "api.auditlog",
    "pk": 115,
    "fields": {
      "user": [
        "your@email.com"
      ],
      "company": 1,
      "action": "delete",
      "model_name": "Unknown",
      "object_id": "2",
      "object_repr": "Block 1 - 2026-01-15 (Pick #1)",
      "changes": {
        "deleted_record": {}
      },
      "ip_address": "127.0.0.1",
      "user_agent": "Mozilla/5.0 (Windows NT 10.0; Win64; x64) AppleWebKit/537.36 (KHTML, like Gecko) Chrome/144.0.0.0 Safari/537.36",
      "timestamp": "2026-01-21T20:15:15.556Z"
    }
  },
  {
    "model": "api.auditlog",
    "pk": 116,
    "fields": {
      "user": [
        "your@email.com"
      ],
      "company": 1,
      "action": "delete",
      "model_name": "Unknown",
      "object_id": "13",
      "object_repr": "Thacher Creek",
      "changes": {
        "deleted_record": {
          "name": "Thacher Creek"
        }
      },
      "ip_address": "127.0.0.1",
      "user_agent": "Mozilla/5.0 (Windows NT 10.0; Win64; x64) AppleWebKit/537.36 (KHTML, like Gecko) Chrome/144.0.0.0 Safari/537.36",
      "timestamp": "2026-01-21T20:15:29.250Z"
    }
  },
  {
    "model": "api.auditlog",
    "pk": 117,
    "fields": {
      "user": [
        "your@email.com"
      ],
      "company": 1,
      "action": "create",
      "model_name": "Unknown",
      "object_id": "6",
      "object_repr": "Cara Cara",
      "changes": {
        "crop": 2,
        "farm": 14,
        "name": "Cara Cara",
        "notes": "",
        "active": 1.0,
        "county": "Ventura",
        "rootstock": null,
        "soil_type": "",
        "plss_range": "",
        "tree_count": null,
        "yield_unit": "bins",
        "total_acres": 20.0,
        "current_crop": "Navel Orange",
        "field_number": "",
        "gps_latitude": null,
        "plss_section": "",
        "year_planted": null,
        "gps_longitude": null,
        "planting_date": null,
        "plss_township": "",
        "organic_status": "conventional",
        "row_spacing_ft": null,
        "trees_per_acre": null,
        "trellis_system": "none",
        "irrigation_type": "",
        "row_orientation": "",
        "tree_spacing_ft": null,
        "organic_certifier": "",
        "organic_cert_number": "",
        "expected_yield_per_acre": null,
        "organic_cert_expiration": null
      },
      "ip_address": "127.0.0.1",
      "user_agent": "Mozilla/5.0 (Windows NT 10.0; Win64; x64) AppleWebKit/537.36 (KHTML, like Gecko) Chrome/144.0.0.0 Safari/537.36",
      "timestamp": "2026-01-21T20:20:34.977Z"
    }
  },
  {
    "model": "api.auditlog",
    "pk": 118,
    "fields": {
      "user": [
        "your@email.com"
      ],
      "company": 1,
      "action": "login",
      "model_name": "User",
      "object_id": "1",
      "object_repr": "your@email.com",
      "changes": {},
      "ip_address": "127.0.0.1",
      "user_agent": "Mozilla/5.0 (Windows NT 10.0; Win64; x64) AppleWebKit/537.36 (KHTML, like Gecko) Chrome/144.0.0.0 Safari/537.36",
      "timestamp": "2026-01-21T20:32:24.567Z"
    }
  },
  {
    "model": "api.auditlog",
    "pk": 119,
    "fields": {
      "user": [
        "your@email.com"
      ],
      "company": 1,
      "action": "login",
      "model_name": "User",
      "object_id": "1",
      "object_repr": "your@email.com",
      "changes": {},
      "ip_address": "127.0.0.1",
      "user_agent": "Mozilla/5.0 (Windows NT 10.0; Win64; x64) AppleWebKit/537.36 (KHTML, like Gecko) Chrome/144.0.0.0 Safari/537.36",
      "timestamp": "2026-01-21T21:32:29.950Z"
    }
  },
  {
    "model": "api.auditlog",
    "pk": 120,
    "fields": {
      "user": [
        "your@email.com"
      ],
      "company": 1,
      "action": "login",
      "model_name": "User",
      "object_id": "1",
      "object_repr": "your@email.com",
      "changes": {},
      "ip_address": "127.0.0.1",
      "user_agent": "Mozilla/5.0 (Windows NT 10.0; Win64; x64) AppleWebKit/537.36 (KHTML, like Gecko) Chrome/144.0.0.0 Safari/537.36",
      "timestamp": "2026-01-21T23:08:40.211Z"
    }
  },
  {
    "model": "api.auditlog",
    "pk": 121,
    "fields": {
      "user": [
        "your@email.com"
      ],
      "company": 1,
      "action": "login",
      "model_name": "User",
      "object_id": "1",
      "object_repr": "your@email.com",
      "changes": {},
      "ip_address": "127.0.0.1",
      "user_agent": "Mozilla/5.0 (Windows NT 10.0; Win64; x64) AppleWebKit/537.36 (KHTML, like Gecko) Chrome/144.0.0.0 Safari/537.36",
      "timestamp": "2026-01-22T00:14:28.005Z"
    }
  },
  {
    "model": "api.auditlog",
    "pk": 122,
    "fields": {
      "user": [
        "your@email.com"
      ],
      "company": 1,
      "action": "login",
      "model_name": "User",
      "object_id": "1",
      "object_repr": "your@email.com",
      "changes": {},
      "ip_address": "127.0.0.1",
      "user_agent": "Mozilla/5.0 (Windows NT 10.0; Win64; x64) AppleWebKit/537.36 (KHTML, like Gecko) Chrome/144.0.0.0 Safari/537.36",
      "timestamp": "2026-01-22T01:26:22.177Z"
    }
  },
  {
    "model": "api.auditlog",
    "pk": 123,
    "fields": {
      "user": [
        "your@email.com"
      ],
      "company": 1,
      "action": "login",
      "model_name": "User",
      "object_id": "1",
      "object_repr": "your@email.com",
      "changes": {},
      "ip_address": "127.0.0.1",
      "user_agent": "Mozilla/5.0 (Windows NT 10.0; Win64; x64) AppleWebKit/537.36 (KHTML, like Gecko) Chrome/144.0.0.0 Safari/537.36",
      "timestamp": "2026-01-22T02:37:30.066Z"
    }
  },
  {
    "model": "api.auditlog",
    "pk": 124,
    "fields": {
      "user": [
        "your@email.com"
      ],
      "company": 1,
      "action": "create",
      "model_name": "Unknown",
      "object_id": "7",
      "object_repr": "Block 2",
      "changes": {
        "crop": 2,
        "farm": 14,
        "name": "Block 2",
        "notes": "",
        "active": 1.0,
        "county": "Ventura",
        "rootstock": null,
        "soil_type": "",
        "plss_range": "",
        "tree_count": null,
        "yield_unit": "bins",
        "total_acres": 10.0,
        "current_crop": "Navel Orange",
        "field_number": "",
        "gps_latitude": null,
        "plss_section": "",
        "year_planted": null,
        "gps_longitude": null,
        "planting_date": null,
        "plss_township": "",
        "organic_status": "conventional",
        "row_spacing_ft": null,
        "trees_per_acre": null,
        "trellis_system": "none",
        "irrigation_type": "",
        "row_orientation": "",
        "tree_spacing_ft": null,
        "organic_certifier": "",
        "organic_cert_number": "",
        "expected_yield_per_acre": null,
        "organic_cert_expiration": null
      },
      "ip_address": "127.0.0.1",
      "user_agent": "Mozilla/5.0 (Windows NT 10.0; Win64; x64) AppleWebKit/537.36 (KHTML, like Gecko) Chrome/144.0.0.0 Safari/537.36",
      "timestamp": "2026-01-22T02:38:48.132Z"
    }
  },
  {
    "model": "api.auditlog",
    "pk": 125,
    "fields": {
      "user": [
        "your@email.com"
      ],
      "company": 1,
      "action": "update",
      "model_name": "Unknown",
      "object_id": "6",
      "object_repr": "Block 1",
      "changes": {
        "name": {
          "new": "Block 1",
          "old": "Cara Cara"
        }
      },
      "ip_address": "127.0.0.1",
      "user_agent": "Mozilla/5.0 (Windows NT 10.0; Win64; x64) AppleWebKit/537.36 (KHTML, like Gecko) Chrome/144.0.0.0 Safari/537.36",
      "timestamp": "2026-01-22T02:44:59.556Z"
    }
  },
  {
    "model": "api.auditlog",
    "pk": 126,
    "fields": {
      "user": [
        "your@email.com"
      ],
      "company": 1,
      "action": "login",
      "model_name": "User",
      "object_id": "1",
      "object_repr": "your@email.com",
      "changes": {},
      "ip_address": "127.0.0.1",
      "user_agent": "Mozilla/5.0 (Windows NT 10.0; Win64; x64) AppleWebKit/537.36 (KHTML, like Gecko) Chrome/144.0.0.0 Safari/537.36",
      "timestamp": "2026-01-22T14:20:40.577Z"
    }
  },
  {
    "model": "api.auditlog",
    "pk": 127,
    "fields": {
      "user": [
        "your@email.com"
      ],
      "company": 1,
      "action": "login",
      "model_name": "User",
      "object_id": "1",
      "object_repr": "your@email.com",
      "changes": {},
      "ip_address": "127.0.0.1",
      "user_agent": "Mozilla/5.0 (Windows NT 10.0; Win64; x64) AppleWebKit/537.36 (KHTML, like Gecko) Chrome/144.0.0.0 Safari/537.36",
      "timestamp": "2026-01-22T20:54:21.228Z"
    }
  },
  {
    "model": "api.auditlog",
    "pk": 128,
    "fields": {
      "user": [
        "your@email.com"
      ],
      "company": 1,
      "action": "login",
      "model_name": "User",
      "object_id": "1",
      "object_repr": "your@email.com",
      "changes": {},
      "ip_address": "127.0.0.1",
      "user_agent": "Mozilla/5.0 (Windows NT 10.0; Win64; x64) AppleWebKit/537.36 (KHTML, like Gecko) Chrome/144.0.0.0 Safari/537.36",
      "timestamp": "2026-01-23T13:01:20.523Z"
    }
  },
  {
    "model": "api.auditlog",
    "pk": 129,
    "fields": {
      "user": [
        "your@email.com"
      ],
      "company": 1,
      "action": "login",
      "model_name": "User",
      "object_id": "1",
      "object_repr": "your@email.com",
      "changes": {},
      "ip_address": "127.0.0.1",
      "user_agent": "Mozilla/5.0 (Windows NT 10.0; Win64; x64) AppleWebKit/537.36 (KHTML, like Gecko) Chrome/144.0.0.0 Safari/537.36",
      "timestamp": "2026-01-24T03:59:29.723Z"
    }
  },
  {
    "model": "api.auditlog",
    "pk": 130,
    "fields": {
      "user": [
        "your@email.com"
      ],
      "company": 1,
      "action": "login",
      "model_name": "User",
      "object_id": "1",
      "object_repr": "your@email.com",
      "changes": {},
      "ip_address": "127.0.0.1",
      "user_agent": "Mozilla/5.0 (Windows NT 10.0; Win64; x64) AppleWebKit/537.36 (KHTML, like Gecko) Chrome/144.0.0.0 Safari/537.36",
      "timestamp": "2026-01-24T12:17:47.701Z"
    }
  },
  {
    "model": "api.auditlog",
    "pk": 131,
    "fields": {
      "user": [
        "your@email.com"
      ],
      "company": 1,
      "action": "login",
      "model_name": "User",
      "object_id": "1",
      "object_repr": "your@email.com",
      "changes": {},
      "ip_address": "127.0.0.1",
      "user_agent": "Mozilla/5.0 (Windows NT 10.0; Win64; x64) AppleWebKit/537.36 (KHTML, like Gecko) Chrome/144.0.0.0 Safari/537.36",
      "timestamp": "2026-01-24T13:22:08.556Z"
    }
  },
  {
    "model": "api.farm",
    "pk": 1,
    "fields": {
      "gps_latitude": "34.3528116",
      "gps_longitude": "-119.3100456",
      "plss_section": "",
      "plss_township": "",
      "plss_range": "",
      "plss_meridian": "San Bernardino",
      "name": "Foster Park",
      "farm_number": "",
      "company": null,
      "owner_name": "Michael",
      "operator_name": "Michael",
      "address": "247 Casitas Vista Rd. Ventura, CA",
      "county": "Ventura",
      "phone": "8059011324",
      "email": "your@email.com",
      "active": true,
      "created_at": "2025-12-17T19:32:47.302Z",
      "updated_at": "2025-12-17T19:32:56.637Z"
    }
  },
  {
    "model": "api.farm",
    "pk": 8,
    "fields": {
      "gps_latitude": "34.4458248",
      "gps_longitude": "-119.0779359",
      "plss_section": "",
      "plss_township": "",
      "plss_range": "",
      "plss_meridian": "San Bernardino",
      "name": "Foster Park",
      "farm_number": "",
      "company": 1,
      "owner_name": "",
      "operator_name": "",
      "address": "247 Casitas Vista Rd. Ventura, CA",
      "county": "Ventura",
      "phone": "",
      "email": "",
      "active": true,
      "created_at": "2026-01-14T20:16:41.425Z",
      "updated_at": "2026-01-16T02:18:44.336Z"
    }
  },
  {
    "model": "api.farm",
    "pk": 10,
    "fields": {
      "gps_latitude": "34.4560668",
      "gps_longitude": "-119.2236543",
      "plss_section": "",
      "plss_township": "",
      "plss_range": "",
      "plss_meridian": "San Bernardino",
      "name": "Office",
      "farm_number": "",
      "company": 1,
      "owner_name": "",
      "operator_name": "",
      "address": "900 Orange Rd. Ojai, CA",
      "county": "Ventura",
      "phone": "",
      "email": "",
      "active": true,
      "created_at": "2026-01-17T23:29:19.641Z",
      "updated_at": "2026-01-17T23:29:19.641Z"
    }
  },
  {
    "model": "api.farm",
    "pk": 11,
    "fields": {
      "gps_latitude": "34.4547727",
      "gps_longitude": "-119.2195012",
      "plss_section": "",
      "plss_township": "",
      "plss_range": "",
      "plss_meridian": "San Bernardino",
      "name": "San Antonio",
      "farm_number": "",
      "company": 1,
      "owner_name": "",
      "operator_name": "",
      "address": "2033 Grand Ave. Ojai CA",
      "county": "Ventura",
      "phone": "",
      "email": "",
      "active": true,
      "created_at": "2026-01-18T04:20:48.444Z",
      "updated_at": "2026-01-18T14:40:51.197Z"
    }
  },
  {
    "model": "api.farm",
    "pk": 14,
    "fields": {
      "gps_latitude": null,
      "gps_longitude": null,
      "plss_section": "",
      "plss_township": "",
      "plss_range": "",
      "plss_meridian": "San Bernardino",
      "name": "Thacher Creek",
      "farm_number": "",
      "company": 1,
      "owner_name": "Thacher Creek Citrus LLC",
      "operator_name": "Ojai Farming Company",
      "address": "",
      "county": "Ventura",
      "phone": "",
      "email": "",
      "active": true,
      "created_at": "2026-01-21T19:39:46.968Z",
      "updated_at": "2026-01-21T19:39:46.968Z"
    }
  },
  {
    "model": "api.crop",
    "pk": 1,
    "fields": {
      "name": "Navel Orange",
      "scientific_name": "",
      "variety": "Washington",
      "category": "citrus",
      "crop_type": "tree",
      "typical_spacing_row_ft": "22.0",
      "typical_spacing_tree_ft": "18.0",
      "typical_root_depth_inches": 36,
      "years_to_maturity": 4,
      "productive_lifespan_years": 50,
      "kc_mature": "0.65",
      "kc_young": "0.45",
      "typical_harvest_months": "Nov-May",
      "default_bin_weight_lbs": 900,
      "company": null,
      "active": true,
      "notes": "",
      "created_at": "2026-01-17T13:41:40.159Z",
      "updated_at": "2026-01-17T13:41:40.159Z"
    }
  },
  {
    "model": "api.crop",
    "pk": 2,
    "fields": {
      "name": "Navel Orange",
      "scientific_name": "",
      "variety": "Cara Cara",
      "category": "citrus",
      "crop_type": "tree",
      "typical_spacing_row_ft": "22.0",
      "typical_spacing_tree_ft": "18.0",
      "typical_root_depth_inches": 36,
      "years_to_maturity": 4,
      "productive_lifespan_years": 50,
      "kc_mature": "0.65",
      "kc_young": null,
      "typical_harvest_months": "Dec-Apr",
      "default_bin_weight_lbs": 900,
      "company": null,
      "active": true,
      "notes": "",
      "created_at": "2026-01-17T13:41:40.161Z",
      "updated_at": "2026-01-17T13:41:40.161Z"
    }
  },
  {
    "model": "api.crop",
    "pk": 3,
    "fields": {
      "name": "Valencia Orange",
      "scientific_name": "",
      "variety": "",
      "category": "citrus",
      "crop_type": "tree",
      "typical_spacing_row_ft": "22.0",
      "typical_spacing_tree_ft": "18.0",
      "typical_root_depth_inches": 36,
      "years_to_maturity": 4,
      "productive_lifespan_years": 50,
      "kc_mature": "0.65",
      "kc_young": null,
      "typical_harvest_months": "Mar-Oct",
      "default_bin_weight_lbs": 900,
      "company": null,
      "active": true,
      "notes": "",
      "created_at": "2026-01-17T13:41:40.162Z",
      "updated_at": "2026-01-17T13:41:40.162Z"
    }
  },
  {
    "model": "api.crop",
    "pk": 4,
    "fields": {
      "name": "Blood Orange",
      "scientific_name": "",
      "variety": "Moro",
      "category": "citrus",
      "crop_type": "tree",
      "typical_spacing_row_ft": "20.0",
      "typical_spacing_tree_ft": "16.0",
      "typical_root_depth_inches": 36,
      "years_to_maturity": 4,
      "productive_lifespan_years": null,
      "kc_mature": "0.65",
      "kc_young": null,
      "typical_harvest_months": "Dec-Mar",
      "default_bin_weight_lbs": 900,
      "company": null,
      "active": true,
      "notes": "",
      "created_at": "2026-01-17T13:41:40.162Z",
      "updated_at": "2026-01-17T13:41:40.162Z"
    }
  },
  {
    "model": "api.crop",
    "pk": 5,
    "fields": {
      "name": "Eureka Lemon",
      "scientific_name": "",
      "variety": "",
      "category": "citrus",
      "crop_type": "tree",
      "typical_spacing_row_ft": "20.0",
      "typical_spacing_tree_ft": "16.0",
      "typical_root_depth_inches": 36,
      "years_to_maturity": 3,
      "productive_lifespan_years": 50,
      "kc_mature": "0.65",
      "kc_young": null,
      "typical_harvest_months": "Year-round",
      "default_bin_weight_lbs": 900,
      "company": null,
      "active": true,
      "notes": "",
      "created_at": "2026-01-17T13:41:40.162Z",
      "updated_at": "2026-01-17T13:41:40.162Z"
    }
  },
  {
    "model": "api.crop",
    "pk": 6,
    "fields": {
      "name": "Lisbon Lemon",
      "scientific_name": "",
      "variety": "",
      "category": "citrus",
      "crop_type": "tree",
      "typical_spacing_row_ft": "20.0",
      "typical_spacing_tree_ft": "16.0",
      "typical_root_depth_inches": 36,
      "years_to_maturity": 3,
      "productive_lifespan_years": 50,
      "kc_mature": "0.65",
      "kc_young": null,
      "typical_harvest_months": "Year-round",
      "default_bin_weight_lbs": 900,
      "company": null,
      "active": true,
      "notes": "",
      "created_at": "2026-01-17T13:41:40.163Z",
      "updated_at": "2026-01-17T13:41:40.163Z"
    }
  },
  {
    "model": "api.crop",
    "pk": 7,
    "fields": {
      "name": "Meyer Lemon",
      "scientific_name": "",
      "variety": "Improved",
      "category": "citrus",
      "crop_type": "tree",
      "typical_spacing_row_ft": "18.0",
      "typical_spacing_tree_ft": "14.0",
      "typical_root_depth_inches": 30,
      "years_to_maturity": 2,
      "productive_lifespan_years": null,
      "kc_mature": "0.60",
      "kc_young": null,
      "typical_harvest_months": "Nov-Mar",
      "default_bin_weight_lbs": 800,
      "company": null,
      "active": true,
      "notes": "",
      "created_at": "2026-01-17T13:41:40.163Z",
      "updated_at": "2026-01-17T13:41:40.163Z"
    }
  },
  {
    "model": "api.crop",
    "pk": 8,
    "fields": {
      "name": "Persian Lime",
      "scientific_name": "",
      "variety": "Bearss",
      "category": "citrus",
      "crop_type": "tree",
      "typical_spacing_row_ft": "18.0",
      "typical_spacing_tree_ft": "15.0",
      "typical_root_depth_inches": 30,
      "years_to_maturity": 3,
      "productive_lifespan_years": null,
      "kc_mature": "0.65",
      "kc_young": null,
      "typical_harvest_months": "May-Sep",
      "default_bin_weight_lbs": 800,
      "company": null,
      "active": true,
      "notes": "",
      "created_at": "2026-01-17T13:41:40.163Z",
      "updated_at": "2026-01-17T13:41:40.163Z"
    }
  },
  {
    "model": "api.crop",
    "pk": 9,
    "fields": {
      "name": "Grapefruit",
      "scientific_name": "",
      "variety": "Marsh",
      "category": "citrus",
      "crop_type": "tree",
      "typical_spacing_row_ft": "24.0",
      "typical_spacing_tree_ft": "20.0",
      "typical_root_depth_inches": 42,
      "years_to_maturity": 4,
      "productive_lifespan_years": 50,
      "kc_mature": "0.70",
      "kc_young": null,
      "typical_harvest_months": "Nov-Jun",
      "default_bin_weight_lbs": 950,
      "company": null,
      "active": true,
      "notes": "",
      "created_at": "2026-01-17T13:41:40.163Z",
      "updated_at": "2026-01-17T13:41:40.163Z"
    }
  },
  {
    "model": "api.crop",
    "pk": 10,
    "fields": {
      "name": "Grapefruit",
      "scientific_name": "",
      "variety": "Star Ruby",
      "category": "citrus",
      "crop_type": "tree",
      "typical_spacing_row_ft": "24.0",
      "typical_spacing_tree_ft": "20.0",
      "typical_root_depth_inches": 42,
      "years_to_maturity": 4,
      "productive_lifespan_years": null,
      "kc_mature": "0.70",
      "kc_young": null,
      "typical_harvest_months": "Nov-May",
      "default_bin_weight_lbs": 950,
      "company": null,
      "active": true,
      "notes": "",
      "created_at": "2026-01-17T13:41:40.164Z",
      "updated_at": "2026-01-17T13:41:40.164Z"
    }
  },
  {
    "model": "api.crop",
    "pk": 11,
    "fields": {
      "name": "Oro Blanco",
      "scientific_name": "",
      "variety": "",
      "category": "citrus",
      "crop_type": "tree",
      "typical_spacing_row_ft": "22.0",
      "typical_spacing_tree_ft": "18.0",
      "typical_root_depth_inches": 40,
      "years_to_maturity": 4,
      "productive_lifespan_years": null,
      "kc_mature": "0.68",
      "kc_young": null,
      "typical_harvest_months": "Nov-Feb",
      "default_bin_weight_lbs": 900,
      "company": null,
      "active": true,
      "notes": "",
      "created_at": "2026-01-17T13:41:40.164Z",
      "updated_at": "2026-01-17T13:41:40.164Z"
    }
  },
  {
    "model": "api.crop",
    "pk": 12,
    "fields": {
      "name": "Clementine",
      "scientific_name": "",
      "variety": "",
      "category": "citrus",
      "crop_type": "tree",
      "typical_spacing_row_ft": "18.0",
      "typical_spacing_tree_ft": "14.0",
      "typical_root_depth_inches": 30,
      "years_to_maturity": 3,
      "productive_lifespan_years": null,
      "kc_mature": "0.60",
      "kc_young": null,
      "typical_harvest_months": "Nov-Jan",
      "default_bin_weight_lbs": 800,
      "company": null,
      "active": true,
      "notes": "",
      "created_at": "2026-01-17T13:41:40.164Z",
      "updated_at": "2026-01-17T13:41:40.164Z"
    }
  },
  {
    "model": "api.crop",
    "pk": 13,
    "fields": {
      "name": "Mandarin",
      "scientific_name": "",
      "variety": "W. Murcott (Afourer)",
      "category": "citrus",
      "crop_type": "tree",
      "typical_spacing_row_ft": "18.0",
      "typical_spacing_tree_ft": "12.0",
      "typical_root_depth_inches": 30,
      "years_to_maturity": 3,
      "productive_lifespan_years": null,
      "kc_mature": "0.60",
      "kc_young": null,
      "typical_harvest_months": "Feb-Apr",
      "default_bin_weight_lbs": 800,
      "company": null,
      "active": true,
      "notes": "",
      "created_at": "2026-01-17T13:41:40.164Z",
      "updated_at": "2026-01-17T13:41:40.164Z"
    }
  },
  {
    "model": "api.crop",
    "pk": 14,
    "fields": {
      "name": "Mandarin",
      "scientific_name": "",
      "variety": "Tango",
      "category": "citrus",
      "crop_type": "tree",
      "typical_spacing_row_ft": "18.0",
      "typical_spacing_tree_ft": "12.0",
      "typical_root_depth_inches": 30,
      "years_to_maturity": 3,
      "productive_lifespan_years": null,
      "kc_mature": "0.60",
      "kc_young": null,
      "typical_harvest_months": "Jan-Apr",
      "default_bin_weight_lbs": 800,
      "company": null,
      "active": true,
      "notes": "",
      "created_at": "2026-01-17T13:41:40.165Z",
      "updated_at": "2026-01-17T13:41:40.165Z"
    }
  },
  {
    "model": "api.crop",
    "pk": 15,
    "fields": {
      "name": "Mandarin",
      "scientific_name": "",
      "variety": "Satsuma",
      "category": "citrus",
      "crop_type": "tree",
      "typical_spacing_row_ft": "16.0",
      "typical_spacing_tree_ft": "12.0",
      "typical_root_depth_inches": 28,
      "years_to_maturity": 2,
      "productive_lifespan_years": null,
      "kc_mature": "0.58",
      "kc_young": null,
      "typical_harvest_months": "Oct-Dec",
      "default_bin_weight_lbs": 800,
      "company": null,
      "active": true,
      "notes": "",
      "created_at": "2026-01-17T13:41:40.165Z",
      "updated_at": "2026-01-17T13:41:40.165Z"
    }
  },
  {
    "model": "api.crop",
    "pk": 16,
    "fields": {
      "name": "Mandarin",
      "scientific_name": "",
      "variety": "Pixie",
      "category": "citrus",
      "crop_type": "tree",
      "typical_spacing_row_ft": "16.0",
      "typical_spacing_tree_ft": "10.0",
      "typical_root_depth_inches": 28,
      "years_to_maturity": 3,
      "productive_lifespan_years": null,
      "kc_mature": "0.58",
      "kc_young": null,
      "typical_harvest_months": "Mar-May",
      "default_bin_weight_lbs": 750,
      "company": null,
      "active": true,
      "notes": "",
      "created_at": "2026-01-17T13:41:40.165Z",
      "updated_at": "2026-01-17T13:41:40.165Z"
    }
  },
  {
    "model": "api.crop",
    "pk": 17,
    "fields": {
      "name": "Mandarin",
      "scientific_name": "",
      "variety": "Gold Nugget",
      "category": "citrus",
      "crop_type": "tree",
      "typical_spacing_row_ft": "16.0",
      "typical_spacing_tree_ft": "12.0",
      "typical_root_depth_inches": 28,
      "years_to_maturity": 3,
      "productive_lifespan_years": null,
      "kc_mature": "0.58",
      "kc_young": null,
      "typical_harvest_months": "Mar-May",
      "default_bin_weight_lbs": 800,
      "company": null,
      "active": true,
      "notes": "",
      "created_at": "2026-01-17T13:41:40.166Z",
      "updated_at": "2026-01-17T13:41:40.166Z"
    }
  },
  {
    "model": "api.crop",
    "pk": 18,
    "fields": {
      "name": "Kumquat",
      "scientific_name": "",
      "variety": "Nagami",
      "category": "citrus",
      "crop_type": "tree",
      "typical_spacing_row_ft": "12.0",
      "typical_spacing_tree_ft": "8.0",
      "typical_root_depth_inches": 24,
      "years_to_maturity": 2,
      "productive_lifespan_years": null,
      "kc_mature": "0.55",
      "kc_young": null,
      "typical_harvest_months": "Nov-Mar",
      "default_bin_weight_lbs": 600,
      "company": null,
      "active": true,
      "notes": "",
      "created_at": "2026-01-17T13:41:40.166Z",
      "updated_at": "2026-01-17T13:41:40.166Z"
    }
  },
  {
    "model": "api.crop",
    "pk": 19,
    "fields": {
      "name": "Pummelo",
      "scientific_name": "",
      "variety": "Chandler",
      "category": "citrus",
      "crop_type": "tree",
      "typical_spacing_row_ft": "24.0",
      "typical_spacing_tree_ft": "20.0",
      "typical_root_depth_inches": 42,
      "years_to_maturity": 4,
      "productive_lifespan_years": null,
      "kc_mature": "0.70",
      "kc_young": null,
      "typical_harvest_months": "Nov-Feb",
      "default_bin_weight_lbs": 950,
      "company": null,
      "active": true,
      "notes": "",
      "created_at": "2026-01-17T13:41:40.166Z",
      "updated_at": "2026-01-17T13:41:40.166Z"
    }
  },
  {
    "model": "api.crop",
    "pk": 20,
    "fields": {
      "name": "Hass Avocado",
      "scientific_name": "",
      "variety": "",
      "category": "subtropical",
      "crop_type": "tree",
      "typical_spacing_row_ft": "25.0",
      "typical_spacing_tree_ft": "20.0",
      "typical_root_depth_inches": 24,
      "years_to_maturity": 5,
      "productive_lifespan_years": 40,
      "kc_mature": "0.70",
      "kc_young": "0.50",
      "typical_harvest_months": "Feb-Sep",
      "default_bin_weight_lbs": 800,
      "company": null,
      "active": true,
      "notes": "",
      "created_at": "2026-01-17T13:41:40.166Z",
      "updated_at": "2026-01-17T13:41:40.166Z"
    }
  },
  {
    "model": "api.crop",
    "pk": 21,
    "fields": {
      "name": "Lamb Hass Avocado",
      "scientific_name": "",
      "variety": "",
      "category": "subtropical",
      "crop_type": "tree",
      "typical_spacing_row_ft": "25.0",
      "typical_spacing_tree_ft": "20.0",
      "typical_root_depth_inches": 24,
      "years_to_maturity": 5,
      "productive_lifespan_years": 40,
      "kc_mature": "0.70",
      "kc_young": null,
      "typical_harvest_months": "May-Nov",
      "default_bin_weight_lbs": 800,
      "company": null,
      "active": true,
      "notes": "",
      "created_at": "2026-01-17T13:41:40.167Z",
      "updated_at": "2026-01-17T13:41:40.167Z"
    }
  },
  {
    "model": "api.crop",
    "pk": 22,
    "fields": {
      "name": "Fuerte Avocado",
      "scientific_name": "",
      "variety": "",
      "category": "subtropical",
      "crop_type": "tree",
      "typical_spacing_row_ft": "28.0",
      "typical_spacing_tree_ft": "22.0",
      "typical_root_depth_inches": 24,
      "years_to_maturity": 4,
      "productive_lifespan_years": 40,
      "kc_mature": "0.72",
      "kc_young": null,
      "typical_harvest_months": "Nov-Jun",
      "default_bin_weight_lbs": 850,
      "company": null,
      "active": true,
      "notes": "",
      "created_at": "2026-01-17T13:41:40.167Z",
      "updated_at": "2026-01-17T13:41:40.167Z"
    }
  },
  {
    "model": "api.crop",
    "pk": 23,
    "fields": {
      "name": "Bacon Avocado",
      "scientific_name": "",
      "variety": "",
      "category": "subtropical",
      "crop_type": "tree",
      "typical_spacing_row_ft": "28.0",
      "typical_spacing_tree_ft": "22.0",
      "typical_root_depth_inches": 24,
      "years_to_maturity": 4,
      "productive_lifespan_years": null,
      "kc_mature": "0.72",
      "kc_young": null,
      "typical_harvest_months": "Nov-Mar",
      "default_bin_weight_lbs": 850,
      "company": null,
      "active": true,
      "notes": "",
      "created_at": "2026-01-17T13:41:40.167Z",
      "updated_at": "2026-01-17T13:41:40.167Z"
    }
  },
  {
    "model": "api.crop",
    "pk": 24,
    "fields": {
      "name": "Zutano Avocado",
      "scientific_name": "",
      "variety": "",
      "category": "subtropical",
      "crop_type": "tree",
      "typical_spacing_row_ft": "28.0",
      "typical_spacing_tree_ft": "22.0",
      "typical_root_depth_inches": 24,
      "years_to_maturity": 4,
      "productive_lifespan_years": null,
      "kc_mature": "0.72",
      "kc_young": null,
      "typical_harvest_months": "Sep-Jan",
      "default_bin_weight_lbs": 850,
      "company": null,
      "active": true,
      "notes": "",
      "created_at": "2026-01-17T13:41:40.167Z",
      "updated_at": "2026-01-17T13:41:40.167Z"
    }
  },
  {
    "model": "api.crop",
    "pk": 25,
    "fields": {
      "name": "Pinkerton Avocado",
      "scientific_name": "",
      "variety": "",
      "category": "subtropical",
      "crop_type": "tree",
      "typical_spacing_row_ft": "22.0",
      "typical_spacing_tree_ft": "18.0",
      "typical_root_depth_inches": 24,
      "years_to_maturity": 4,
      "productive_lifespan_years": null,
      "kc_mature": "0.68",
      "kc_young": null,
      "typical_harvest_months": "Nov-Apr",
      "default_bin_weight_lbs": 800,
      "company": null,
      "active": true,
      "notes": "",
      "created_at": "2026-01-17T13:41:40.168Z",
      "updated_at": "2026-01-17T13:41:40.168Z"
    }
  },
  {
    "model": "api.crop",
    "pk": 26,
    "fields": {
      "name": "Reed Avocado",
      "scientific_name": "",
      "variety": "",
      "category": "subtropical",
      "crop_type": "tree",
      "typical_spacing_row_ft": "25.0",
      "typical_spacing_tree_ft": "20.0",
      "typical_root_depth_inches": 24,
      "years_to_maturity": 5,
      "productive_lifespan_years": null,
      "kc_mature": "0.70",
      "kc_young": null,
      "typical_harvest_months": "Jun-Oct",
      "default_bin_weight_lbs": 850,
      "company": null,
      "active": true,
      "notes": "",
      "created_at": "2026-01-17T13:41:40.168Z",
      "updated_at": "2026-01-17T13:41:40.168Z"
    }
  },
  {
    "model": "api.crop",
    "pk": 27,
    "fields": {
      "name": "GEM Avocado",
      "scientific_name": "",
      "variety": "",
      "category": "subtropical",
      "crop_type": "tree",
      "typical_spacing_row_ft": "20.0",
      "typical_spacing_tree_ft": "15.0",
      "typical_root_depth_inches": 24,
      "years_to_maturity": 4,
      "productive_lifespan_years": null,
      "kc_mature": "0.68",
      "kc_young": null,
      "typical_harvest_months": "Apr-Sep",
      "default_bin_weight_lbs": 800,
      "company": null,
      "active": true,
      "notes": "",
      "created_at": "2026-01-17T13:41:40.168Z",
      "updated_at": "2026-01-17T13:41:40.168Z"
    }
  },
  {
    "model": "api.rootstock",
    "pk": 1,
    "fields": {
      "name": "Carrizo Citrange",
      "code": "Carrizo",
      "primary_category": "citrus",
      "vigor": "standard",
      "disease_resistance": "CTV tolerant, Phytophthora tolerant, good for most soils",
      "soil_tolerance": "Well-drained soils, moderate salinity tolerance",
      "cold_hardiness": "Moderate",
      "drought_tolerance": "moderate",
      "company": null,
      "active": true,
      "notes": "",
      "created_at": "2026-01-17T13:41:40.169Z",
      "updated_at": "2026-01-17T13:41:40.169Z",
      "compatible_crops": []
    }
  },
  {
    "model": "api.rootstock",
    "pk": 2,
    "fields": {
      "name": "C-35 Citrange",
      "code": "C-35",
      "primary_category": "citrus",
      "vigor": "semi_dwarf",
      "disease_resistance": "CTV tolerant, Phytophthora tolerant",
      "soil_tolerance": "Well-drained soils, good for high-density planting",
      "cold_hardiness": "Moderate",
      "drought_tolerance": "moderate",
      "company": null,
      "active": true,
      "notes": "",
      "created_at": "2026-01-17T13:41:40.169Z",
      "updated_at": "2026-01-17T13:41:40.169Z",
      "compatible_crops": []
    }
  },
  {
    "model": "api.rootstock",
    "pk": 3,
    "fields": {
      "name": "Swingle Citrumelo",
      "code": "Swingle",
      "primary_category": "citrus",
      "vigor": "standard",
      "disease_resistance": "CTV tolerant, excellent Phytophthora resistance, nematode tolerant",
      "soil_tolerance": "Tolerates wet soils, low salinity tolerance",
      "cold_hardiness": "Good",
      "drought_tolerance": "moderate",
      "company": null,
      "active": true,
      "notes": "",
      "created_at": "2026-01-17T13:41:40.170Z",
      "updated_at": "2026-01-17T13:41:40.170Z",
      "compatible_crops": []
    }
  },
  {
    "model": "api.rootstock",
    "pk": 4,
    "fields": {
      "name": "Volkameriana",
      "code": "Volk",
      "primary_category": "citrus",
      "vigor": "vigorous",
      "disease_resistance": "CTV sensitive, good Phytophthora tolerance",
      "soil_tolerance": "Excellent for poor soils, good drought tolerance",
      "cold_hardiness": "Poor",
      "drought_tolerance": "high",
      "company": null,
      "active": true,
      "notes": "",
      "created_at": "2026-01-17T13:41:40.170Z",
      "updated_at": "2026-01-17T13:41:40.170Z",
      "compatible_crops": []
    }
  },
  {
    "model": "api.rootstock",
    "pk": 5,
    "fields": {
      "name": "Rough Lemon",
      "code": "RL",
      "primary_category": "citrus",
      "vigor": "vigorous",
      "disease_resistance": "CTV tolerant, susceptible to Phytophthora",
      "soil_tolerance": "Sandy soils, good drought tolerance",
      "cold_hardiness": "Poor",
      "drought_tolerance": "high",
      "company": null,
      "active": true,
      "notes": "",
      "created_at": "2026-01-17T13:41:40.170Z",
      "updated_at": "2026-01-17T13:41:40.170Z",
      "compatible_crops": []
    }
  },
  {
    "model": "api.rootstock",
    "pk": 6,
    "fields": {
      "name": "Troyer Citrange",
      "code": "Troyer",
      "primary_category": "citrus",
      "vigor": "standard",
      "disease_resistance": "CTV tolerant, moderate Phytophthora tolerance",
      "soil_tolerance": "Well-drained soils",
      "cold_hardiness": "Moderate",
      "drought_tolerance": "moderate",
      "company": null,
      "active": true,
      "notes": "",
      "created_at": "2026-01-17T13:41:40.170Z",
      "updated_at": "2026-01-17T13:41:40.170Z",
      "compatible_crops": []
    }
  },
  {
    "model": "api.rootstock",
    "pk": 7,
    "fields": {
      "name": "Trifoliate Orange",
      "code": "P. trifoliata",
      "primary_category": "citrus",
      "vigor": "dwarf",
      "disease_resistance": "CTV tolerant, excellent Phytophthora resistance",
      "soil_tolerance": "Sensitive to calcareous soils, needs good drainage",
      "cold_hardiness": "Excellent",
      "drought_tolerance": "low",
      "company": null,
      "active": true,
      "notes": "",
      "created_at": "2026-01-17T13:41:40.170Z",
      "updated_at": "2026-01-17T13:41:40.171Z",
      "compatible_crops": []
    }
  },
  {
    "model": "api.rootstock",
    "pk": 8,
    "fields": {
      "name": "US-812",
      "code": "US-812",
      "primary_category": "citrus",
      "vigor": "semi_dwarf",
      "disease_resistance": "CTV tolerant, good Phytophthora resistance, HLB tolerant",
      "soil_tolerance": "Wide soil adaptability",
      "cold_hardiness": "Good",
      "drought_tolerance": "moderate",
      "company": null,
      "active": true,
      "notes": "",
      "created_at": "2026-01-17T13:41:40.171Z",
      "updated_at": "2026-01-17T13:41:40.171Z",
      "compatible_crops": []
    }
  },
  {
    "model": "api.rootstock",
    "pk": 9,
    "fields": {
      "name": "US-897",
      "code": "US-897",
      "primary_category": "citrus",
      "vigor": "semi_dwarf",
      "disease_resistance": "CTV tolerant, good Phytophthora resistance",
      "soil_tolerance": "Good for replant situations",
      "cold_hardiness": "Good",
      "drought_tolerance": "moderate",
      "company": null,
      "active": true,
      "notes": "",
      "created_at": "2026-01-17T13:41:40.171Z",
      "updated_at": "2026-01-17T13:41:40.171Z",
      "compatible_crops": []
    }
  },
  {
    "model": "api.rootstock",
    "pk": 10,
    "fields": {
      "name": "X639",
      "code": "X639",
      "primary_category": "citrus",
      "vigor": "standard",
      "disease_resistance": "CTV tolerant, moderate Phytophthora tolerance",
      "soil_tolerance": "Well-drained soils, moderate salinity tolerance",
      "cold_hardiness": "Moderate",
      "drought_tolerance": "moderate",
      "company": null,
      "active": true,
      "notes": "",
      "created_at": "2026-01-17T13:41:40.171Z",
      "updated_at": "2026-01-17T13:41:40.171Z",
      "compatible_crops": []
    }
  },
  {
    "model": "api.rootstock",
    "pk": 11,
    "fields": {
      "name": "Macrophylla",
      "code": "Macro",
      "primary_category": "citrus",
      "vigor": "vigorous",
      "disease_resistance": "CTV tolerant for lemons, susceptible to Phytophthora",
      "soil_tolerance": "Coastal areas, moderate salinity tolerance",
      "cold_hardiness": "Poor",
      "drought_tolerance": "low",
      "company": null,
      "active": true,
      "notes": "",
      "created_at": "2026-01-17T13:41:40.171Z",
      "updated_at": "2026-01-17T13:41:40.171Z",
      "compatible_crops": []
    }
  },
  {
    "model": "api.rootstock",
    "pk": 12,
    "fields": {
      "name": "Dusa",
      "code": "Dusa",
      "primary_category": "subtropical",
      "vigor": "standard",
      "disease_resistance": "Excellent Phytophthora root rot resistance",
      "soil_tolerance": "Wide adaptability, good for replant situations",
      "cold_hardiness": "Moderate",
      "drought_tolerance": "moderate",
      "company": null,
      "active": true,
      "notes": "",
      "created_at": "2026-01-17T13:41:40.172Z",
      "updated_at": "2026-01-17T13:41:40.172Z",
      "compatible_crops": []
    }
  },
  {
    "model": "api.rootstock",
    "pk": 13,
    "fields": {
      "name": "Clonal Duke 7",
      "code": "Duke 7",
      "primary_category": "subtropical",
      "vigor": "vigorous",
      "disease_resistance": "Good Phytophthora tolerance",
      "soil_tolerance": "Most soil types, good drainage required",
      "cold_hardiness": "Moderate",
      "drought_tolerance": "moderate",
      "company": null,
      "active": true,
      "notes": "",
      "created_at": "2026-01-17T13:41:40.172Z",
      "updated_at": "2026-01-17T13:41:40.172Z",
      "compatible_crops": []
    }
  },
  {
    "model": "api.rootstock",
    "pk": 14,
    "fields": {
      "name": "Toro Canyon",
      "code": "TC",
      "primary_category": "subtropical",
      "vigor": "standard",
      "disease_resistance": "Moderate Phytophthora tolerance",
      "soil_tolerance": "Well-drained soils",
      "cold_hardiness": "Good",
      "drought_tolerance": "moderate",
      "company": null,
      "active": true,
      "notes": "",
      "created_at": "2026-01-17T13:41:40.172Z",
      "updated_at": "2026-01-17T13:41:40.172Z",
      "compatible_crops": []
    }
  },
  {
    "model": "api.rootstock",
    "pk": 15,
    "fields": {
      "name": "Zutano Seedling",
      "code": "Zut",
      "primary_category": "subtropical",
      "vigor": "vigorous",
      "disease_resistance": "Low Phytophthora tolerance",
      "soil_tolerance": "Good drainage required",
      "cold_hardiness": "Good",
      "drought_tolerance": "low",
      "company": null,
      "active": true,
      "notes": "",
      "created_at": "2026-01-17T13:41:40.172Z",
      "updated_at": "2026-01-17T13:41:40.172Z",
      "compatible_crops": []
    }
  },
  {
    "model": "api.rootstock",
    "pk": 16,
    "fields": {
      "name": "Mexicola Seedling",
      "code": "Mex",
      "primary_category": "subtropical",
      "vigor": "vigorous",
      "disease_resistance": "Low Phytophthora tolerance, cold hardy",
      "soil_tolerance": "Adaptable, prefers well-drained",
      "cold_hardiness": "Excellent",
      "drought_tolerance": "low",
      "company": null,
      "active": true,
      "notes": "",
      "created_at": "2026-01-17T13:41:40.173Z",
      "updated_at": "2026-01-17T13:41:40.173Z",
      "compatible_crops": []
    }
  },
  {
    "model": "api.rootstock",
    "pk": 17,
    "fields": {
      "name": "Steddom",
      "code": "Steddom",
      "primary_category": "subtropical",
      "vigor": "standard",
      "disease_resistance": "Good Phytophthora resistance",
      "soil_tolerance": "Wide soil adaptability",
      "cold_hardiness": "Moderate",
      "drought_tolerance": "moderate",
      "company": null,
      "active": true,
      "notes": "",
      "created_at": "2026-01-17T13:41:40.173Z",
      "updated_at": "2026-01-17T13:41:40.173Z",
      "compatible_crops": []
    }
  },
  {
    "model": "api.rootstock",
    "pk": 18,
    "fields": {
      "name": "Bounty",
      "code": "Bounty",
      "primary_category": "subtropical",
      "vigor": "semi_dwarf",
      "disease_resistance": "Good Phytophthora resistance",
      "soil_tolerance": "Adaptable, good for high-density",
      "cold_hardiness": "Moderate",
      "drought_tolerance": "moderate",
      "company": null,
      "active": true,
      "notes": "",
      "created_at": "2026-01-17T13:41:40.173Z",
      "updated_at": "2026-01-17T13:41:40.173Z",
      "compatible_crops": []
    }
  },
  {
    "model": "api.rootstock",
    "pk": 19,
    "fields": {
      "name": "Zentmyer",
      "code": "Zent",
      "primary_category": "subtropical",
      "vigor": "standard",
      "disease_resistance": "Excellent Phytophthora resistance",
      "soil_tolerance": "Good for heavy soils",
      "cold_hardiness": "Moderate",
      "drought_tolerance": "moderate",
      "company": null,
      "active": true,
      "notes": "",
      "created_at": "2026-01-17T13:41:40.173Z",
      "updated_at": "2026-01-17T13:41:40.173Z",
      "compatible_crops": []
    }
  },
  {
    "model": "api.field",
    "pk": 1,
    "fields": {
      "gps_latitude": "34.3470502",
      "gps_longitude": "-119.3022680",
      "plss_section": "",
      "plss_township": "",
      "plss_range": "",
      "plss_meridian": "San Bernardino",
      "name": "Block 1",
      "farm": 1,
      "field_number": "",
      "county": "Ventura",
      "boundary_geojson": {
        "type": "Polygon",
        "coordinates": [
          [
            [
              -119.30268287658693,
              34.350061955072185
            ],
            [
              -119.3050003051758,
              34.34584554237094
            ],
            [
              -119.29912090301515,
              34.34524318038981
            ]
          ]
        ]
      },
      "calculated_acres": "33.03",
      "total_acres": "33.03",
      "current_crop": "Oranges",
      "crop": null,
      "rootstock": null,
      "planting_date": "2002-11-21",
      "year_planted": null,
      "row_spacing_ft": null,
      "tree_spacing_ft": null,
      "tree_count": null,
      "trees_per_acre": null,
      "row_orientation": "",
      "trellis_system": "none",
      "soil_type": "",
      "irrigation_type": "",
      "expected_yield_per_acre": null,
      "yield_unit": "bins",
      "organic_status": "conventional",
      "organic_certifier": "",
      "organic_cert_number": "",
      "organic_cert_expiration": null,
      "latest_satellite_tree_count": null,
      "latest_satellite_trees_per_acre": null,
      "satellite_canopy_coverage_percent": null,
      "latest_detection_date": null,
      "latest_detection_run": null,
      "lidar_tree_count": null,
      "lidar_trees_per_acre": null,
      "lidar_avg_tree_height_m": null,
      "lidar_canopy_coverage_percent": null,
      "lidar_detection_date": null,
      "latest_lidar_run": null,
      "avg_slope_degrees": null,
      "primary_aspect": null,
      "frost_risk_level": null,
      "notes": "",
      "active": true,
      "created_at": "2025-12-17T19:38:49.349Z",
      "updated_at": "2025-12-17T19:39:07.857Z"
    }
  },
  {
    "model": "api.field",
    "pk": 2,
    "fields": {
      "gps_latitude": "34.3469676",
      "gps_longitude": "-119.3025613",
      "plss_section": "",
      "plss_township": "",
      "plss_range": "",
      "plss_meridian": "San Bernardino",
      "name": "Block 1",
      "farm": 8,
      "field_number": "1",
      "county": "Ventura",
      "boundary_geojson": {
        "type": "Polygon",
        "coordinates": [
          [
            [
              -119.30261850357057,
              34.349247034694734
            ],
            [
              -119.30467844009401,
              34.3465364816677
            ],
            [
              -119.30038690567018,
              34.34511916415065
            ]
          ]
        ]
      },
      "calculated_acres": "18.35",
      "total_acres": "18.35",
      "current_crop": "Lemons",
      "crop": null,
      "rootstock": null,
      "planting_date": null,
      "year_planted": null,
      "row_spacing_ft": null,
      "tree_spacing_ft": null,
      "tree_count": null,
      "trees_per_acre": null,
      "row_orientation": "",
      "trellis_system": "none",
      "soil_type": "",
      "irrigation_type": "",
      "expected_yield_per_acre": null,
      "yield_unit": "bins",
      "organic_status": "conventional",
      "organic_certifier": "",
      "organic_cert_number": "",
      "organic_cert_expiration": null,
      "latest_satellite_tree_count": null,
      "latest_satellite_trees_per_acre": null,
      "satellite_canopy_coverage_percent": null,
      "latest_detection_date": null,
      "latest_detection_run": null,
      "lidar_tree_count": null,
      "lidar_trees_per_acre": null,
      "lidar_avg_tree_height_m": null,
      "lidar_canopy_coverage_percent": null,
      "lidar_detection_date": null,
      "latest_lidar_run": null,
      "avg_slope_degrees": null,
      "primary_aspect": null,
      "frost_risk_level": null,
      "notes": "",
      "active": true,
      "created_at": "2026-01-14T20:55:32.513Z",
      "updated_at": "2026-01-14T20:58:25.217Z"
    }
  },
  {
    "model": "api.field",
    "pk": 4,
    "fields": {
      "gps_latitude": "34.4548734",
      "gps_longitude": "-119.2227895",
      "plss_section": "",
      "plss_township": "",
      "plss_range": "",
      "plss_meridian": "San Bernardino",
      "name": "Block 1",
      "farm": 10,
      "field_number": "",
      "county": "Ventura",
      "boundary_geojson": {
        "type": "Polygon",
        "coordinates": [
          [
            [
              -119.22396540641786,
              34.45540332470818
            ],
            [
              -119.22394394874574,
              34.4543505676642
            ],
            [
              -119.2220824956894,
              34.454363837793565
            ],
            [
              -119.22201812267305,
              34.45485483109764
            ],
            [
              -119.2219376564026,
              34.455394478065635
            ]
          ]
        ]
      },
      "calculated_acres": "5.10",
      "total_acres": "5.10",
      "current_crop": "Eureka Lemon",
      "crop": 5,
      "rootstock": null,
      "planting_date": null,
      "year_planted": null,
      "row_spacing_ft": null,
      "tree_spacing_ft": null,
      "tree_count": null,
      "trees_per_acre": null,
      "row_orientation": "",
      "trellis_system": "none",
      "soil_type": "",
      "irrigation_type": "",
      "expected_yield_per_acre": null,
      "yield_unit": "bins",
      "organic_status": "conventional",
      "organic_certifier": "",
      "organic_cert_number": "",
      "organic_cert_expiration": null,
      "latest_satellite_tree_count": null,
      "latest_satellite_trees_per_acre": null,
      "satellite_canopy_coverage_percent": null,
      "latest_detection_date": null,
      "latest_detection_run": null,
      "lidar_tree_count": null,
      "lidar_trees_per_acre": null,
      "lidar_avg_tree_height_m": null,
      "lidar_canopy_coverage_percent": null,
      "lidar_detection_date": null,
      "latest_lidar_run": null,
      "avg_slope_degrees": null,
      "primary_aspect": null,
      "frost_risk_level": null,
      "notes": "",
      "active": true,
      "created_at": "2026-01-17T23:30:08.410Z",
      "updated_at": "2026-01-17T23:34:45.492Z"
    }
  },
  {
    "model": "api.field",
    "pk": 5,
    "fields": {
      "gps_latitude": "34.4583620",
      "gps_longitude": "-119.2177153",
      "plss_section": "",
      "plss_township": "",
      "plss_range": "",
      "plss_meridian": "San Bernardino",
      "name": "East",
      "farm": 11,
      "field_number": "",
      "county": "Ventura",
      "boundary_geojson": {
        "type": "Polygon",
        "coordinates": [
          [
            [
              -119.2185151576996,
              34.45497868480847
            ],
            [
              -119.21622991561891,
              34.45542986463024
            ],
            [
              -119.21626210212709,
              34.459109985469915
            ],
            [
              -119.21744227409364,
              34.459614220161804
            ],
            [
              -119.21763539314271,
              34.459702682074465
            ],
            [
              -119.21807527542116,
              34.45955229676718
            ],
            [
              -119.21833276748659,
              34.45940191118901
            ],
            [
              -119.21847224235536,
              34.45925152533999
            ],
            [
              -119.21847224235536,
              34.45821650950233
            ],
            [
              -119.2185151576996,
              34.45497868480847
            ]
          ]
        ]
      },
      "calculated_acres": "23.97",
      "total_acres": "23.97",
      "current_crop": "Navel Orange",
      "crop": 1,
      "rootstock": null,
      "planting_date": null,
      "year_planted": null,
      "row_spacing_ft": null,
      "tree_spacing_ft": null,
      "tree_count": null,
      "trees_per_acre": null,
      "row_orientation": "",
      "trellis_system": "none",
      "soil_type": "",
      "irrigation_type": "",
      "expected_yield_per_acre": null,
      "yield_unit": "bins",
      "organic_status": "conventional",
      "organic_certifier": "",
      "organic_cert_number": "",
      "organic_cert_expiration": null,
      "latest_satellite_tree_count": 2127,
      "latest_satellite_trees_per_acre": 89.05369623414285,
      "satellite_canopy_coverage_percent": 52.281619239311816,
      "latest_detection_date": "2025-11-01",
      "latest_detection_run": null,
      "lidar_tree_count": null,
      "lidar_trees_per_acre": null,
      "lidar_avg_tree_height_m": null,
      "lidar_canopy_coverage_percent": null,
      "lidar_detection_date": null,
      "latest_lidar_run": null,
      "avg_slope_degrees": null,
      "primary_aspect": null,
      "frost_risk_level": null,
      "notes": "",
      "active": true,
      "created_at": "2026-01-18T04:21:15.070Z",
      "updated_at": "2026-01-19T02:52:48.575Z"
    }
  },
  {
    "model": "api.field",
    "pk": 6,
    "fields": {
      "gps_latitude": "34.4442751",
      "gps_longitude": "-119.2063816",
      "plss_section": "",
      "plss_township": "",
      "plss_range": "",
      "plss_meridian": "San Bernardino",
      "name": "Block 1",
      "farm": 14,
      "field_number": "",
      "county": "Ventura",
      "boundary_geojson": {
        "type": "Polygon",
        "coordinates": [
          [
            [
              -119.21163797378541,
              34.445609517685156
            ],
            [
              -119.21167016029358,
              34.445304272183854
            ],
            [
              -119.21138048171998,
              34.44424696392627
            ],
            [
              -119.21124637126924,
              34.44417175738981
            ],
            [
              -119.20924544334413,
              34.444061159419064
            ],
            [
              -119.20902550220491,
              34.44414521389019
            ],
            [
              -119.20898258686067,
              34.44426908348292
            ],
            [
              -119.20895308256151,
              34.44485746154028
            ],
            [
              -119.20888602733613,
              34.446200098205736
            ],
            [
              -119.20929908752443,
              34.44623327676282
            ],
            [
              -119.21007156372072,
              34.4462664553067
            ],
            [
              -119.21040147542955,
              34.44628415052472
            ],
            [
              -119.21051681041719,
              34.44625760769627
            ],
            [
              -119.21060264110567,
              34.44619346249276
            ],
            [
              -119.21067506074907,
              34.44616249582515
            ],
            [
              -119.21081721782686,
              34.446173555350626
            ],
            [
              -119.21100765466691,
              34.44618240296993
            ],
            [
              -119.21111494302752,
              34.445956788384656
            ],
            [
              -119.21132683753967,
              34.44567145141885
            ],
            [
              -119.2115280032158,
              34.44568251100933
            ]
          ]
        ]
      },
      "calculated_acres": "13.29",
      "total_acres": "13.29",
      "current_crop": "Navel Orange",
      "crop": 2,
      "rootstock": null,
      "planting_date": null,
      "year_planted": null,
      "row_spacing_ft": null,
      "tree_spacing_ft": null,
      "tree_count": null,
      "trees_per_acre": null,
      "row_orientation": "",
      "trellis_system": "none",
      "soil_type": "",
      "irrigation_type": "",
      "expected_yield_per_acre": null,
      "yield_unit": "bins",
      "organic_status": "conventional",
      "organic_certifier": "",
      "organic_cert_number": "",
      "organic_cert_expiration": null,
      "latest_satellite_tree_count": null,
      "latest_satellite_trees_per_acre": null,
      "satellite_canopy_coverage_percent": null,
      "latest_detection_date": null,
      "latest_detection_run": null,
      "lidar_tree_count": null,
      "lidar_trees_per_acre": null,
      "lidar_avg_tree_height_m": null,
      "lidar_canopy_coverage_percent": null,
      "lidar_detection_date": null,
      "latest_lidar_run": null,
      "avg_slope_degrees": null,
      "primary_aspect": null,
      "frost_risk_level": null,
      "notes": "",
      "active": true,
      "created_at": "2026-01-21T20:20:34.974Z",
      "updated_at": "2026-01-22T02:46:31.019Z"
    }
  },
  {
    "model": "api.field",
    "pk": 7,
    "fields": {
      "gps_latitude": "34.4434832",
      "gps_longitude": "-119.2099822",
      "plss_section": "",
      "plss_township": "",
      "plss_range": "",
      "plss_meridian": "San Bernardino",
      "name": "Block 2",
      "farm": 14,
      "field_number": "",
      "county": "Ventura",
      "boundary_geojson": {
        "type": "Polygon",
        "coordinates": [
          [
            [
              -119.21130001544954,
              34.444149637807385
            ],
            [
              -119.2072981595993,
              34.44394613737419
            ],
            [
              -119.20704871416093,
              34.443881990395745
            ],
            [
              -119.20697629451753,
              34.44383775107158
            ],
            [
              -119.20692801475526,
              34.443561254764724
            ],
            [
              -119.20686900615694,
              34.443417476323525
            ],
            [
              -119.20663028955462,
              34.443225034022646
            ],
            [
              -119.20673221349719,
              34.443156462520975
            ],
            [
              -119.20729547739032,
              34.44300604741693
            ],
            [
              -119.20784533023836,
              34.44301047139445
            ],
            [
              -119.20819133520129,
              34.44296401961887
            ],
            [
              -119.20850783586503,
              34.442921991799665
            ],
            [
              -119.20947074890138,
              34.44269858040579
            ],
            [
              -119.21089231967927,
              34.4427693642784
            ],
            [
              -119.21119809150697,
              34.44366300551206
            ]
          ]
        ]
      },
      "calculated_acres": "12.54",
      "total_acres": "12.54",
      "current_crop": "Navel Orange",
      "crop": 2,
      "rootstock": null,
      "planting_date": null,
      "year_planted": null,
      "row_spacing_ft": null,
      "tree_spacing_ft": null,
      "tree_count": null,
      "trees_per_acre": null,
      "row_orientation": "",
      "trellis_system": "none",
      "soil_type": "",
      "irrigation_type": "",
      "expected_yield_per_acre": null,
      "yield_unit": "bins",
      "organic_status": "conventional",
      "organic_certifier": "",
      "organic_cert_number": "",
      "organic_cert_expiration": null,
      "latest_satellite_tree_count": null,
      "latest_satellite_trees_per_acre": null,
      "satellite_canopy_coverage_percent": null,
      "latest_detection_date": null,
      "latest_detection_run": null,
      "lidar_tree_count": null,
      "lidar_trees_per_acre": null,
      "lidar_avg_tree_height_m": null,
      "lidar_canopy_coverage_percent": null,
      "lidar_detection_date": null,
      "latest_lidar_run": null,
      "avg_slope_degrees": null,
      "primary_aspect": null,
      "frost_risk_level": null,
      "notes": "",
      "active": true,
      "created_at": "2026-01-22T02:38:48.126Z",
      "updated_at": "2026-01-22T02:48:30.483Z"
    }
  },
  {
    "model": "api.pesticideproduct",
    "pk": 1,
    "fields": {
      "epa_registration_number": "432-1489",
      "product_name": "Movento",
      "manufacturer": "Bayer CropScience",
      "active_ingredients": "Spirotetramat 22.4%",
      "formulation_type": "SC",
      "restricted_use": false,
      "created_at": "2025-12-17T19:58:25.588Z",
      "updated_at": "2025-12-17T19:58:25.588Z",
      "product_type": "insecticide",
      "is_fumigant": false,
      "signal_word": "caution",
      "rei_hours": "24.00",
      "rei_days": null,
      "phi_days": 1,
      "max_applications_per_season": null,
      "max_rate_per_application": null,
      "max_rate_unit": "",
      "california_registration_number": "",
      "active_status_california": true,
      "formulation_code": "",
      "density_specific_gravity": null,
      "approved_crops": "",
      "groundwater_advisory": false,
      "endangered_species_restrictions": false,
      "buffer_zone_required": false,
      "buffer_zone_feet": null,
      "product_status": "active",
      "unit_size": "",
      "cost_per_unit": null,
      "label_url": "",
      "sds_url": "",
      "notes": "Target pests: Asian citrus psyllid, aphids, whiteflies, soft scales",
      "active": true,
      "search_keywords": "movento bayer cropscience 432-1489 spirotetramat 22.4%"
    }
  },
  {
    "model": "api.pesticideproduct",
    "pk": 2,
    "fields": {
      "epa_registration_number": "100-1498",
      "product_name": "Admire Pro",
      "manufacturer": "Bayer CropScience",
      "active_ingredients": "Imidacloprid 42.8%",
      "formulation_type": "SC",
      "restricted_use": false,
      "created_at": "2025-12-17T19:58:25.591Z",
      "updated_at": "2025-12-17T19:58:25.591Z",
      "product_type": "insecticide",
      "is_fumigant": false,
      "signal_word": "caution",
      "rei_hours": "12.00",
      "rei_days": null,
      "phi_days": 0,
      "max_applications_per_season": null,
      "max_rate_per_application": null,
      "max_rate_unit": "",
      "california_registration_number": "",
      "active_status_california": true,
      "formulation_code": "",
      "density_specific_gravity": null,
      "approved_crops": "",
      "groundwater_advisory": false,
      "endangered_species_restrictions": false,
      "buffer_zone_required": false,
      "buffer_zone_feet": null,
      "product_status": "active",
      "unit_size": "",
      "cost_per_unit": null,
      "label_url": "",
      "sds_url": "",
      "notes": "Target pests: Asian citrus psyllid, aphids, leafminers",
      "active": true,
      "search_keywords": "admire pro bayer cropscience 100-1498 imidacloprid 42.8%"
    }
  },
  {
    "model": "api.pesticideproduct",
    "pk": 3,
    "fields": {
      "epa_registration_number": "352-652",
      "product_name": "Malathion 8 Flowable",
      "manufacturer": "Drexel Chemical",
      "active_ingredients": "Malathion 83.7%",
      "formulation_type": "EC",
      "restricted_use": false,
      "created_at": "2025-12-17T19:58:25.593Z",
      "updated_at": "2025-12-17T19:58:25.593Z",
      "product_type": "insecticide",
      "is_fumigant": false,
      "signal_word": "warning",
      "rei_hours": "12.00",
      "rei_days": null,
      "phi_days": 7,
      "max_applications_per_season": null,
      "max_rate_per_application": null,
      "max_rate_unit": "",
      "california_registration_number": "",
      "active_status_california": true,
      "formulation_code": "",
      "density_specific_gravity": null,
      "approved_crops": "",
      "groundwater_advisory": false,
      "endangered_species_restrictions": false,
      "buffer_zone_required": false,
      "buffer_zone_feet": null,
      "product_status": "active",
      "unit_size": "",
      "cost_per_unit": null,
      "label_url": "",
      "sds_url": "",
      "notes": "Target pests: Citrus thrips, mealybugs, scales",
      "active": true,
      "search_keywords": "malathion 8 flowable drexel chemical 352-652 malathion 83.7%"
    }
  },
  {
    "model": "api.pesticideproduct",
    "pk": 4,
    "fields": {
      "epa_registration_number": "62719-566",
      "product_name": "Delegate WG",
      "manufacturer": "Dow AgroSciences",
      "active_ingredients": "Spinetoram 25%",
      "formulation_type": "WG",
      "restricted_use": false,
      "created_at": "2025-12-17T19:58:25.596Z",
      "updated_at": "2025-12-17T19:58:25.596Z",
      "product_type": "insecticide",
      "is_fumigant": false,
      "signal_word": "caution",
      "rei_hours": "4.00",
      "rei_days": null,
      "phi_days": 1,
      "max_applications_per_season": null,
      "max_rate_per_application": null,
      "max_rate_unit": "",
      "california_registration_number": "",
      "active_status_california": true,
      "formulation_code": "",
      "density_specific_gravity": null,
      "approved_crops": "",
      "groundwater_advisory": false,
      "endangered_species_restrictions": false,
      "buffer_zone_required": false,
      "buffer_zone_feet": null,
      "product_status": "active",
      "unit_size": "",
      "cost_per_unit": null,
      "label_url": "",
      "sds_url": "",
      "notes": "Target pests: Citrus thrips, leafminers, caterpillars",
      "active": true,
      "search_keywords": "delegate wg dow agrosciences 62719-566 spinetoram 25%"
    }
  },
  {
    "model": "api.pesticideproduct",
    "pk": 5,
    "fields": {
      "epa_registration_number": "10163-324",
      "product_name": "Sevin XLR Plus",
      "manufacturer": "Bayer CropScience",
      "active_ingredients": "Carbaryl 44.1%",
      "formulation_type": "XLR",
      "restricted_use": false,
      "created_at": "2025-12-17T19:58:25.598Z",
      "updated_at": "2025-12-17T19:58:25.598Z",
      "product_type": "insecticide",
      "is_fumigant": false,
      "signal_word": "caution",
      "rei_hours": "12.00",
      "rei_days": null,
      "phi_days": 5,
      "max_applications_per_season": null,
      "max_rate_per_application": null,
      "max_rate_unit": "",
      "california_registration_number": "",
      "active_status_california": true,
      "formulation_code": "",
      "density_specific_gravity": null,
      "approved_crops": "",
      "groundwater_advisory": false,
      "endangered_species_restrictions": false,
      "buffer_zone_required": false,
      "buffer_zone_feet": null,
      "product_status": "active",
      "unit_size": "",
      "cost_per_unit": null,
      "label_url": "",
      "sds_url": "",
      "notes": "Target pests: Citrus thrips, katydids, orangeworms",
      "active": true,
      "search_keywords": "sevin xlr plus bayer cropscience 10163-324 carbaryl 44.1%"
    }
  },
  {
    "model": "api.pesticideproduct",
    "pk": 6,
    "fields": {
      "epa_registration_number": "66222-223",
      "product_name": "Agri-Mek SC",
      "manufacturer": "Syngenta",
      "active_ingredients": "Abamectin 8.4%",
      "formulation_type": "SC",
      "restricted_use": true,
      "created_at": "2025-12-17T19:58:25.601Z",
      "updated_at": "2025-12-17T19:58:25.601Z",
      "product_type": "insecticide",
      "is_fumigant": false,
      "signal_word": "warning",
      "rei_hours": "12.00",
      "rei_days": null,
      "phi_days": 7,
      "max_applications_per_season": null,
      "max_rate_per_application": null,
      "max_rate_unit": "",
      "california_registration_number": "",
      "active_status_california": true,
      "formulation_code": "",
      "density_specific_gravity": null,
      "approved_crops": "",
      "groundwater_advisory": false,
      "endangered_species_restrictions": false,
      "buffer_zone_required": false,
      "buffer_zone_feet": null,
      "product_status": "active",
      "unit_size": "",
      "cost_per_unit": null,
      "label_url": "",
      "sds_url": "",
      "notes": "Target pests: Citrus red mite, citrus rust mite, leafminers. RESTRICTED USE.",
      "active": true,
      "search_keywords": "agri-mek sc syngenta 66222-223 abamectin 8.4%"
    }
  },
  {
    "model": "api.pesticideproduct",
    "pk": 7,
    "fields": {
      "epa_registration_number": "707-303",
      "product_name": "Envidor 2 SC",
      "manufacturer": "Bayer CropScience",
      "active_ingredients": "Spirodiclofen 21.7%",
      "formulation_type": "SC",
      "restricted_use": false,
      "created_at": "2025-12-17T19:58:25.603Z",
      "updated_at": "2025-12-17T19:58:25.603Z",
      "product_type": "insecticide",
      "is_fumigant": false,
      "signal_word": "caution",
      "rei_hours": "12.00",
      "rei_days": null,
      "phi_days": 7,
      "max_applications_per_season": null,
      "max_rate_per_application": null,
      "max_rate_unit": "",
      "california_registration_number": "",
      "active_status_california": true,
      "formulation_code": "",
      "density_specific_gravity": null,
      "approved_crops": "",
      "groundwater_advisory": false,
      "endangered_species_restrictions": false,
      "buffer_zone_required": false,
      "buffer_zone_feet": null,
      "product_status": "active",
      "unit_size": "",
      "cost_per_unit": null,
      "label_url": "",
      "sds_url": "",
      "notes": "Target pests: Citrus red mite, citrus rust mite",
      "active": true,
      "search_keywords": "envidor 2 sc bayer cropscience 707-303 spirodiclofen 21.7%"
    }
  },
  {
    "model": "api.pesticideproduct",
    "pk": 8,
    "fields": {
      "epa_registration_number": "62719-449",
      "product_name": "Pristine",
      "manufacturer": "BASF",
      "active_ingredients": "Pyraclostrobin 12.8%, Boscalid 25.2%",
      "formulation_type": "WG",
      "restricted_use": false,
      "created_at": "2025-12-17T19:58:25.605Z",
      "updated_at": "2025-12-17T19:58:25.605Z",
      "product_type": "fungicide",
      "is_fumigant": false,
      "signal_word": "caution",
      "rei_hours": "24.00",
      "rei_days": null,
      "phi_days": 0,
      "max_applications_per_season": null,
      "max_rate_per_application": null,
      "max_rate_unit": "",
      "california_registration_number": "",
      "active_status_california": true,
      "formulation_code": "",
      "density_specific_gravity": null,
      "approved_crops": "",
      "groundwater_advisory": false,
      "endangered_species_restrictions": false,
      "buffer_zone_required": false,
      "buffer_zone_feet": null,
      "product_status": "active",
      "unit_size": "",
      "cost_per_unit": null,
      "label_url": "",
      "sds_url": "",
      "notes": "Target pests: Alternaria brown spot, Septoria spot",
      "active": true,
      "search_keywords": "pristine basf 62719-449 pyraclostrobin 12.8%, boscalid 25.2%"
    }
  },
  {
    "model": "api.pesticideproduct",
    "pk": 9,
    "fields": {
      "epa_registration_number": "100-1231",
      "product_name": "Luna Sensation",
      "manufacturer": "Bayer CropScience",
      "active_ingredients": "Fluopyram 21.4%, Trifloxystrobin 21.4%",
      "formulation_type": "SC",
      "restricted_use": false,
      "created_at": "2025-12-17T19:58:25.607Z",
      "updated_at": "2025-12-17T19:58:25.607Z",
      "product_type": "fungicide",
      "is_fumigant": false,
      "signal_word": "warning",
      "rei_hours": "12.00",
      "rei_days": null,
      "phi_days": 1,
      "max_applications_per_season": null,
      "max_rate_per_application": null,
      "max_rate_unit": "",
      "california_registration_number": "",
      "active_status_california": true,
      "formulation_code": "",
      "density_specific_gravity": null,
      "approved_crops": "",
      "groundwater_advisory": false,
      "endangered_species_restrictions": false,
      "buffer_zone_required": false,
      "buffer_zone_feet": null,
      "product_status": "active",
      "unit_size": "",
      "cost_per_unit": null,
      "label_url": "",
      "sds_url": "",
      "notes": "Target pests: Brown rot, Phytophthora",
      "active": true,
      "search_keywords": "luna sensation bayer cropscience 100-1231 fluopyram 21.4%, trifloxystrobin 21.4%"
    }
  },
  {
    "model": "api.pesticideproduct",
    "pk": 10,
    "fields": {
      "epa_registration_number": "55146-118",
      "product_name": "Aliette WDG",
      "manufacturer": "Bayer CropScience",
      "active_ingredients": "Fosetyl-Al 80%",
      "formulation_type": "WDG",
      "restricted_use": false,
      "created_at": "2025-12-17T19:58:25.609Z",
      "updated_at": "2025-12-17T19:58:25.609Z",
      "product_type": "fungicide",
      "is_fumigant": false,
      "signal_word": "caution",
      "rei_hours": "12.00",
      "rei_days": null,
      "phi_days": 0,
      "max_applications_per_season": null,
      "max_rate_per_application": null,
      "max_rate_unit": "",
      "california_registration_number": "",
      "active_status_california": true,
      "formulation_code": "",
      "density_specific_gravity": null,
      "approved_crops": "",
      "groundwater_advisory": false,
      "endangered_species_restrictions": false,
      "buffer_zone_required": false,
      "buffer_zone_feet": null,
      "product_status": "active",
      "unit_size": "",
      "cost_per_unit": null,
      "label_url": "",
      "sds_url": "",
      "notes": "Target pests: Phytophthora root rot, brown rot",
      "active": true,
      "search_keywords": "aliette wdg bayer cropscience 55146-118 fosetyl-al 80%"
    }
  },
  {
    "model": "api.pesticideproduct",
    "pk": 11,
    "fields": {
      "epa_registration_number": "7969-187",
      "product_name": "Ridomil Gold SL",
      "manufacturer": "Syngenta",
      "active_ingredients": "Mefenoxam 45.3%",
      "formulation_type": "SL",
      "restricted_use": false,
      "created_at": "2025-12-17T19:58:25.611Z",
      "updated_at": "2025-12-17T19:58:25.611Z",
      "product_type": "fungicide",
      "is_fumigant": false,
      "signal_word": "caution",
      "rei_hours": "48.00",
      "rei_days": null,
      "phi_days": 0,
      "max_applications_per_season": null,
      "max_rate_per_application": null,
      "max_rate_unit": "",
      "california_registration_number": "",
      "active_status_california": true,
      "formulation_code": "",
      "density_specific_gravity": null,
      "approved_crops": "",
      "groundwater_advisory": false,
      "endangered_species_restrictions": false,
      "buffer_zone_required": false,
      "buffer_zone_feet": null,
      "product_status": "active",
      "unit_size": "",
      "cost_per_unit": null,
      "label_url": "",
      "sds_url": "",
      "notes": "Target pests: Phytophthora root rot",
      "active": true,
      "search_keywords": "ridomil gold sl syngenta 7969-187 mefenoxam 45.3%"
    }
  },
  {
    "model": "api.pesticideproduct",
    "pk": 12,
    "fields": {
      "epa_registration_number": "524-445",
      "product_name": "Roundup PowerMax",
      "manufacturer": "Monsanto",
      "active_ingredients": "Glyphosate 48.7%",
      "formulation_type": "SL",
      "restricted_use": false,
      "created_at": "2025-12-17T19:58:25.614Z",
      "updated_at": "2025-12-17T19:58:25.614Z",
      "product_type": "herbicide",
      "is_fumigant": false,
      "signal_word": "caution",
      "rei_hours": "4.00",
      "rei_days": null,
      "phi_days": 14,
      "max_applications_per_season": null,
      "max_rate_per_application": null,
      "max_rate_unit": "",
      "california_registration_number": "",
      "active_status_california": true,
      "formulation_code": "",
      "density_specific_gravity": null,
      "approved_crops": "",
      "groundwater_advisory": false,
      "endangered_species_restrictions": false,
      "buffer_zone_required": false,
      "buffer_zone_feet": null,
      "product_status": "active",
      "unit_size": "",
      "cost_per_unit": null,
      "label_url": "",
      "sds_url": "",
      "notes": "Target pests: Annual and perennial weeds",
      "active": true,
      "search_keywords": "roundup powermax monsanto 524-445 glyphosate 48.7%"
    }
  },
  {
    "model": "api.pesticideproduct",
    "pk": 13,
    "fields": {
      "epa_registration_number": "62719-324",
      "product_name": "Rely 280",
      "manufacturer": "BASF",
      "active_ingredients": "Glufosinate-ammonium 24.5%",
      "formulation_type": "SL",
      "restricted_use": false,
      "created_at": "2025-12-17T19:58:25.616Z",
      "updated_at": "2025-12-17T19:58:25.616Z",
      "product_type": "herbicide",
      "is_fumigant": false,
      "signal_word": "warning",
      "rei_hours": "12.00",
      "rei_days": null,
      "phi_days": 14,
      "max_applications_per_season": null,
      "max_rate_per_application": null,
      "max_rate_unit": "",
      "california_registration_number": "",
      "active_status_california": true,
      "formulation_code": "",
      "density_specific_gravity": null,
      "approved_crops": "",
      "groundwater_advisory": false,
      "endangered_species_restrictions": false,
      "buffer_zone_required": false,
      "buffer_zone_feet": null,
      "product_status": "active",
      "unit_size": "",
      "cost_per_unit": null,
      "label_url": "",
      "sds_url": "",
      "notes": "Target pests: Annual and perennial weeds",
      "active": true,
      "search_keywords": "rely 280 basf 62719-324 glufosinate-ammonium 24.5%"
    }
  },
  {
    "model": "api.pesticideproduct",
    "pk": 14,
    "fields": {
      "epa_registration_number": "228-597",
      "product_name": "Gramoxone SL 2.0",
      "manufacturer": "Syngenta",
      "active_ingredients": "Paraquat 30.1%",
      "formulation_type": "SL",
      "restricted_use": true,
      "created_at": "2025-12-17T19:58:25.618Z",
      "updated_at": "2025-12-17T19:58:25.618Z",
      "product_type": "herbicide",
      "is_fumigant": false,
      "signal_word": "danger",
      "rei_hours": "24.00",
      "rei_days": null,
      "phi_days": 30,
      "max_applications_per_season": null,
      "max_rate_per_application": null,
      "max_rate_unit": "",
      "california_registration_number": "",
      "active_status_california": true,
      "formulation_code": "",
      "density_specific_gravity": null,
      "approved_crops": "",
      "groundwater_advisory": false,
      "endangered_species_restrictions": false,
      "buffer_zone_required": false,
      "buffer_zone_feet": null,
      "product_status": "active",
      "unit_size": "",
      "cost_per_unit": null,
      "label_url": "",
      "sds_url": "",
      "notes": "Target pests: Annual weeds, weed burndown. RESTRICTED USE.",
      "active": true,
      "search_keywords": "gramoxone sl 2.0 syngenta 228-597 paraquat 30.1%"
    }
  },
  {
    "model": "api.pesticideproduct",
    "pk": 15,
    "fields": {
      "epa_registration_number": "10163-273",
      "product_name": "Princep 4L",
      "manufacturer": "Syngenta",
      "active_ingredients": "Simazine 41.9%",
      "formulation_type": "L",
      "restricted_use": false,
      "created_at": "2025-12-17T19:58:25.620Z",
      "updated_at": "2025-12-17T19:58:25.620Z",
      "product_type": "herbicide",
      "is_fumigant": false,
      "signal_word": "caution",
      "rei_hours": "12.00",
      "rei_days": null,
      "phi_days": 0,
      "max_applications_per_season": null,
      "max_rate_per_application": null,
      "max_rate_unit": "",
      "california_registration_number": "",
      "active_status_california": true,
      "formulation_code": "",
      "density_specific_gravity": null,
      "approved_crops": "",
      "groundwater_advisory": false,
      "endangered_species_restrictions": false,
      "buffer_zone_required": false,
      "buffer_zone_feet": null,
      "product_status": "active",
      "unit_size": "",
      "cost_per_unit": null,
      "label_url": "",
      "sds_url": "",
      "notes": "Target pests: Annual grasses, broadleaf weeds",
      "active": true,
      "search_keywords": "princep 4l syngenta 10163-273 simazine 41.9%"
    }
  },
  {
    "model": "api.pesticideproduct",
    "pk": 16,
    "fields": {
      "epa_registration_number": "5905-347",
      "product_name": "415 Oil",
      "manufacturer": "Helena Chemical",
      "active_ingredients": "Petroleum Oil 98%",
      "formulation_type": "EC",
      "restricted_use": false,
      "created_at": "2025-12-17T19:58:25.622Z",
      "updated_at": "2025-12-17T19:58:25.622Z",
      "product_type": "adjuvant",
      "is_fumigant": false,
      "signal_word": "caution",
      "rei_hours": "4.00",
      "rei_days": null,
      "phi_days": 0,
      "max_applications_per_season": null,
      "max_rate_per_application": null,
      "max_rate_unit": "",
      "california_registration_number": "",
      "active_status_california": true,
      "formulation_code": "",
      "density_specific_gravity": null,
      "approved_crops": "",
      "groundwater_advisory": false,
      "endangered_species_restrictions": false,
      "buffer_zone_required": false,
      "buffer_zone_feet": null,
      "product_status": "active",
      "unit_size": "",
      "cost_per_unit": null,
      "label_url": "",
      "sds_url": "",
      "notes": "Target pests: Scales, mites (suffocating oil)",
      "active": true,
      "search_keywords": "415 oil helena chemical 5905-347 petroleum oil 98%"
    }
  },
  {
    "model": "api.pesticideproduct",
    "pk": 17,
    "fields": {
      "epa_registration_number": "49585-27",
      "product_name": "Omni Supreme Spray",
      "manufacturer": "Helena Chemical",
      "active_ingredients": "Mineral Oil 98%",
      "formulation_type": "EC",
      "restricted_use": false,
      "created_at": "2025-12-17T19:58:25.625Z",
      "updated_at": "2025-12-17T19:58:25.625Z",
      "product_type": "adjuvant",
      "is_fumigant": false,
      "signal_word": "caution",
      "rei_hours": "4.00",
      "rei_days": null,
      "phi_days": 0,
      "max_applications_per_season": null,
      "max_rate_per_application": null,
      "max_rate_unit": "",
      "california_registration_number": "",
      "active_status_california": true,
      "formulation_code": "",
      "density_specific_gravity": null,
      "approved_crops": "",
      "groundwater_advisory": false,
      "endangered_species_restrictions": false,
      "buffer_zone_required": false,
      "buffer_zone_feet": null,
      "product_status": "active",
      "unit_size": "",
      "cost_per_unit": null,
      "label_url": "",
      "sds_url": "",
      "notes": "Target pests: Scales, mites, suppression adjuvant",
      "active": true,
      "search_keywords": "omni supreme spray helena chemical 49585-27 mineral oil 98%"
    }
  },
  {
    "model": "api.pesticideapplication",
    "pk": 1,
    "fields": {
      "application_date": "2025-12-17",
      "start_time": "10:00:00",
      "end_time": "11:00:00",
      "field": 1,
      "acres_treated": "10.00",
      "product": 2,
      "amount_used": "33.00",
      "unit_of_measure": "oz",
      "application_method": "Ground Spray",
      "target_pest": "Michael",
      "applicator_name": "Michael",
      "applicator_license_no": "",
      "temperature": "67.0",
      "wind_speed": "10.0",
      "wind_direction": "N",
      "notes": "",
      "status": "pending_signature",
      "submitted_to_pur": false,
      "pur_submission_date": null,
      "created_at": "2025-12-17T19:59:43.197Z",
      "updated_at": "2025-12-17T19:59:43.197Z"
    }
  },
  {
    "model": "api.buyer",
    "pk": 1,
    "fields": {
      "company": 1,
      "name": "Sunkist",
      "buyer_type": "packing_house",
      "contact_name": "",
      "phone": "",
      "email": "",
      "address": "",
      "city": "",
      "state": "CA",
      "zip_code": "",
      "license_number": "",
      "payment_terms": "",
      "active": true,
      "notes": "",
      "created_at": "2026-01-16T13:02:02.828Z",
      "updated_at": "2026-01-16T13:02:02.828Z"
    }
  },
  {
    "model": "api.buyer",
    "pk": 2,
    "fields": {
      "company": 1,
      "name": "Sunkist",
      "buyer_type": "packing_house",
      "contact_name": "",
      "phone": "",
      "email": "",
      "address": "",
      "city": "",
      "state": "CA",
      "zip_code": "",
      "license_number": "",
      "payment_terms": "",
      "active": true,
      "notes": "",
      "created_at": "2026-01-16T13:02:10.132Z",
      "updated_at": "2026-01-16T13:02:10.132Z"
    }
  },
  {
    "model": "api.buyer",
    "pk": 3,
    "fields": {
      "company": 1,
      "name": "Limonera",
      "buyer_type": "packing_house",
      "contact_name": "",
      "phone": "",
      "email": "",
      "address": "",
      "city": "",
      "state": "CA",
      "zip_code": "",
      "license_number": "",
      "payment_terms": "",
      "active": true,
      "notes": "",
      "created_at": "2026-01-16T13:02:29.091Z",
      "updated_at": "2026-01-16T13:02:29.091Z"
    }
  },
  {
    "model": "api.harvest",
    "pk": 1,
    "fields": {
      "field": 1,
      "harvest_date": "2025-12-19",
      "harvest_number": 1,
      "crop_variety": "navel_orange",
      "acres_harvested": "33.03",
      "total_bins": 10,
      "bin_weight_lbs": 900,
      "estimated_weight_lbs": "9000.00",
      "phi_verified": true,
      "last_application_date": "2025-12-17",
      "last_application_product": "Admire Pro",
      "days_since_last_application": 2,
      "phi_required_days": 0,
      "phi_compliant": null,
      "lot_number": "FP-BLO-20251219-01",
      "field_conditions": "",
      "equipment_cleaned": true,
      "no_contamination_observed": true,
      "supervisor_name": "",
      "status": "complete",
      "notes": "",
      "created_at": "2025-12-19T14:01:17.107Z",
      "updated_at": "2025-12-19T14:01:27.871Z"
    }
  },
  {
    "model": "api.irrigationevent",
    "pk": 1,
    "fields": {
      "field": 5,
      "zone": 2,
      "water_source": null,
      "recommendation": null,
      "irrigation_date": "2026-01-18",
      "start_time": null,
      "end_time": null,
      "duration_hours": "8.00",
      "measurement_method": "calculated",
      "water_applied_af": null,
      "water_applied_gallons": null,
      "acre_inches": null,
      "irrigation_method": "",
      "zone_or_block": "",
      "acres_irrigated": null,
      "date": "2026-01-18",
      "depth_inches": "1.000",
      "method": "manual",
      "source": "manual",
      "recorded_by": "",
      "notes": "",
      "created_at": "2026-01-18T14:46:22.487Z",
      "updated_at": "2026-01-18T14:46:22.487Z"
    }
  },
  {
    "model": "api.irrigationevent",
    "pk": 2,
    "fields": {
      "field": 5,
      "zone": 2,
      "water_source": null,
      "recommendation": null,
      "irrigation_date": "2026-01-18",
      "start_time": null,
      "end_time": null,
      "duration_hours": "8.00",
      "measurement_method": "calculated",
      "water_applied_af": null,
      "water_applied_gallons": null,
      "acre_inches": null,
      "irrigation_method": "",
      "zone_or_block": "",
      "acres_irrigated": null,
      "date": "2026-01-18",
      "depth_inches": "2.000",
      "method": "scheduled",
      "source": "manual",
      "recorded_by": "",
      "notes": "",
      "created_at": "2026-01-18T14:47:45.899Z",
      "updated_at": "2026-01-18T14:47:45.899Z"
    }
  },
  {
    "model": "api.irrigationevent",
    "pk": 3,
    "fields": {
      "field": 5,
      "zone": 2,
      "water_source": null,
      "recommendation": null,
      "irrigation_date": "2026-01-18",
      "start_time": null,
      "end_time": null,
      "duration_hours": "8.00",
      "measurement_method": "calculated",
      "water_applied_af": null,
      "water_applied_gallons": null,
      "acre_inches": null,
      "irrigation_method": "",
      "zone_or_block": "",
      "acres_irrigated": null,
      "date": "2026-01-18",
      "depth_inches": "2.000",
      "method": "scheduled",
      "source": "manual",
      "recorded_by": "",
      "notes": "",
      "created_at": "2026-01-18T14:48:08.681Z",
      "updated_at": "2026-01-18T14:48:08.681Z"
    }
  },
  {
    "model": "api.irrigationevent",
    "pk": 4,
    "fields": {
      "field": 5,
      "zone": 2,
      "water_source": null,
      "recommendation": null,
      "irrigation_date": "2026-01-18",
      "start_time": null,
      "end_time": null,
      "duration_hours": "8.00",
      "measurement_method": "calculated",
      "water_applied_af": null,
      "water_applied_gallons": null,
      "acre_inches": null,
      "irrigation_method": "",
      "zone_or_block": "",
      "acres_irrigated": null,
      "date": "2026-01-18",
      "depth_inches": "2.000",
      "method": "scheduled",
      "source": "manual",
      "recorded_by": "",
      "notes": "",
      "created_at": "2026-01-18T14:50:06.780Z",
      "updated_at": "2026-01-18T14:50:06.780Z"
    }
  },
  {
    "model": "api.irrigationevent",
    "pk": 5,
    "fields": {
      "field": 5,
      "zone": 2,
      "water_source": null,
      "recommendation": null,
      "irrigation_date": "2026-01-18",
      "start_time": null,
      "end_time": null,
      "duration_hours": "8.00",
      "measurement_method": "calculated",
      "water_applied_af": null,
      "water_applied_gallons": null,
      "acre_inches": null,
      "irrigation_method": "",
      "zone_or_block": "",
      "acres_irrigated": null,
      "date": "2026-01-18",
      "depth_inches": "2.000",
      "method": "scheduled",
      "source": "manual",
      "recorded_by": "",
      "notes": "",
      "created_at": "2026-01-18T14:55:00.208Z",
      "updated_at": "2026-01-18T14:55:00.208Z"
    }
  },
  {
    "model": "api.irrigationevent",
    "pk": 6,
    "fields": {
      "field": 5,
      "zone": 2,
      "water_source": null,
      "recommendation": null,
      "irrigation_date": "2026-01-18",
      "start_time": null,
      "end_time": null,
      "duration_hours": "8.00",
      "measurement_method": "calculated",
      "water_applied_af": null,
      "water_applied_gallons": null,
      "acre_inches": null,
      "irrigation_method": "",
      "zone_or_block": "",
      "acres_irrigated": null,
      "date": "2026-01-18",
      "depth_inches": "2.000",
      "method": "scheduled",
      "source": "manual",
      "recorded_by": "",
      "notes": "",
      "created_at": "2026-01-18T14:55:41.611Z",
      "updated_at": "2026-01-18T14:55:41.611Z"
    }
  },
  {
    "model": "api.irrigationevent",
    "pk": 7,
    "fields": {
      "field": 5,
      "zone": 2,
      "water_source": null,
      "recommendation": null,
      "irrigation_date": "2026-01-18",
      "start_time": null,
      "end_time": null,
      "duration_hours": "8.00",
      "measurement_method": "calculated",
      "water_applied_af": null,
      "water_applied_gallons": null,
      "acre_inches": null,
      "irrigation_method": "",
      "zone_or_block": "",
      "acres_irrigated": null,
      "date": "2026-01-18",
      "depth_inches": "2.000",
      "method": "scheduled",
      "source": "manual",
      "recorded_by": "",
      "notes": "",
      "created_at": "2026-01-18T15:00:22.481Z",
      "updated_at": "2026-01-18T15:00:22.481Z"
    }
  },
  {
    "model": "api.irrigationevent",
    "pk": 8,
    "fields": {
      "field": 5,
      "zone": 2,
      "water_source": null,
      "recommendation": null,
      "irrigation_date": "2026-01-18",
      "start_time": null,
      "end_time": null,
      "duration_hours": "8.00",
      "measurement_method": "calculated",
      "water_applied_af": null,
      "water_applied_gallons": null,
      "acre_inches": null,
      "irrigation_method": "",
      "zone_or_block": "",
      "acres_irrigated": null,
      "date": "2026-01-18",
      "depth_inches": "2.000",
      "method": "scheduled",
      "source": "manual",
      "recorded_by": "",
      "notes": "",
      "created_at": "2026-01-18T15:02:41.857Z",
      "updated_at": "2026-01-18T15:02:41.857Z"
    }
  },
  {
    "model": "api.irrigationevent",
    "pk": 9,
    "fields": {
      "field": 5,
      "zone": 2,
      "water_source": null,
      "recommendation": null,
      "irrigation_date": "2026-01-18",
      "start_time": null,
      "end_time": null,
      "duration_hours": "8.00",
      "measurement_method": "calculated",
      "water_applied_af": null,
      "water_applied_gallons": null,
      "acre_inches": null,
      "irrigation_method": "",
      "zone_or_block": "",
      "acres_irrigated": null,
      "date": "2026-01-18",
      "depth_inches": "1.000",
      "method": "scheduled",
      "source": "manual",
      "recorded_by": "",
      "notes": "",
      "created_at": "2026-01-18T15:05:05.864Z",
      "updated_at": "2026-01-18T15:05:05.864Z"
    }
  },
  {
    "model": "api.irrigationevent",
    "pk": 10,
    "fields": {
      "field": 5,
      "zone": 2,
      "water_source": null,
      "recommendation": null,
      "irrigation_date": "2026-01-18",
      "start_time": null,
      "end_time": null,
      "duration_hours": "8.00",
      "measurement_method": "calculated",
      "water_applied_af": null,
      "water_applied_gallons": null,
      "acre_inches": null,
      "irrigation_method": "",
      "zone_or_block": "",
      "acres_irrigated": null,
      "date": "2026-01-18",
      "depth_inches": "1.000",
      "method": "scheduled",
      "source": "manual",
      "recorded_by": "",
      "notes": "",
      "created_at": "2026-01-18T15:07:11.384Z",
      "updated_at": "2026-01-18T15:07:11.384Z"
    }
  },
  {
    "model": "api.irrigationzone",
    "pk": 2,
    "fields": {
      "field": 5,
      "water_source": null,
      "name": "East",
      "acres": "24.00",
      "crop_type": "citrus",
      "tree_age": null,
      "tree_spacing_ft": null,
      "irrigation_method": "sprinkler",
      "emitters_per_tree": null,
      "emitter_gph": null,
      "application_rate": null,
      "distribution_uniformity": 85,
      "soil_type": "loam",
      "soil_water_holding_capacity": "1.75",
      "root_depth_inches": 36,
      "management_allowable_depletion": 50,
      "cimis_target": "",
      "cimis_target_type": "station",
      "use_satellite_kc_adjustment": true,
      "reference_canopy_coverage": null,
      "ndvi_stress_modifier_enabled": true,
      "ndvi_healthy_threshold": "0.75",
      "ndvi_stress_multiplier": "1.10",
      "active": true,
      "notes": "",
      "created_at": "2026-01-18T14:43:23.840Z",
      "updated_at": "2026-01-18T14:43:23.840Z"
    }
  },
  {
    "model": "api.cropcoefficientprofile",
    "pk": 1,
    "fields": {
      "zone": null,
      "crop_type": "citrus",
      "growth_stage": "mature",
      "kc_jan": "0.65",
      "kc_feb": "0.65",
      "kc_mar": "0.70",
      "kc_apr": "0.70",
      "kc_may": "0.70",
      "kc_jun": "0.65",
      "kc_jul": "0.65",
      "kc_aug": "0.65",
      "kc_sep": "0.65",
      "kc_oct": "0.65",
      "kc_nov": "0.65",
      "kc_dec": "0.65",
      "notes": "Mature citrus (>5 years)",
      "created_at": "2026-01-16T21:34:23.600Z",
      "updated_at": "2026-01-16T21:34:23.600Z"
    }
  },
  {
    "model": "api.cropcoefficientprofile",
    "pk": 2,
    "fields": {
      "zone": null,
      "crop_type": "citrus",
      "growth_stage": "young",
      "kc_jan": "0.50",
      "kc_feb": "0.50",
      "kc_mar": "0.55",
      "kc_apr": "0.55",
      "kc_may": "0.55",
      "kc_jun": "0.50",
      "kc_jul": "0.50",
      "kc_aug": "0.50",
      "kc_sep": "0.50",
      "kc_oct": "0.50",
      "kc_nov": "0.50",
      "kc_dec": "0.50",
      "notes": "Young citrus (1-5 years)",
      "created_at": "2026-01-16T21:34:23.600Z",
      "updated_at": "2026-01-16T21:34:23.600Z"
    }
  },
  {
    "model": "api.cropcoefficientprofile",
    "pk": 3,
    "fields": {
      "zone": null,
      "crop_type": "avocado",
      "growth_stage": "mature",
      "kc_jan": "0.60",
      "kc_feb": "0.60",
      "kc_mar": "0.65",
      "kc_apr": "0.70",
      "kc_may": "0.70",
      "kc_jun": "0.70",
      "kc_jul": "0.70",
      "kc_aug": "0.70",
      "kc_sep": "0.70",
      "kc_oct": "0.65",
      "kc_nov": "0.60",
      "kc_dec": "0.60",
      "notes": "Mature avocado",
      "created_at": "2026-01-16T21:34:23.600Z",
      "updated_at": "2026-01-16T21:34:23.600Z"
    }
  },
  {
    "model": "api.fertilizerproduct",
    "pk": 1,
    "fields": {
      "name": "UN-32 (Urea Ammonium Nitrate)",
      "manufacturer": "",
      "product_code": "",
      "nitrogen_pct": "32.00",
      "phosphorus_pct": "0.00",
      "potassium_pct": "0.00",
      "nitrate_nitrogen_pct": null,
      "ammoniacal_nitrogen_pct": null,
      "urea_nitrogen_pct": null,
      "slow_release_nitrogen_pct": null,
      "calcium_pct": null,
      "magnesium_pct": null,
      "sulfur_pct": null,
      "iron_pct": null,
      "zinc_pct": null,
      "manganese_pct": null,
      "boron_pct": null,
      "form": "liquid",
      "density_lbs_per_gallon": "11.060",
      "is_organic": false,
      "omri_listed": false,
      "cdfa_organic_registered": false,
      "active": true,
      "notes": "",
      "company": null,
      "created_at": "2025-12-17T21:36:22.347Z",
      "updated_at": "2025-12-17T21:36:22.347Z"
    }
  },
  {
    "model": "api.fertilizerproduct",
    "pk": 2,
    "fields": {
      "name": "CAN-17 (Calcium Ammonium Nitrate)",
      "manufacturer": "",
      "product_code": "",
      "nitrogen_pct": "17.00",
      "phosphorus_pct": "0.00",
      "potassium_pct": "0.00",
      "nitrate_nitrogen_pct": null,
      "ammoniacal_nitrogen_pct": null,
      "urea_nitrogen_pct": null,
      "slow_release_nitrogen_pct": null,
      "calcium_pct": "8.80",
      "magnesium_pct": null,
      "sulfur_pct": null,
      "iron_pct": null,
      "zinc_pct": null,
      "manganese_pct": null,
      "boron_pct": null,
      "form": "liquid",
      "density_lbs_per_gallon": "12.200",
      "is_organic": false,
      "omri_listed": false,
      "cdfa_organic_registered": false,
      "active": true,
      "notes": "",
      "company": null,
      "created_at": "2025-12-17T21:36:22.349Z",
      "updated_at": "2025-12-17T21:36:22.349Z"
    }
  },
  {
    "model": "api.fertilizerproduct",
    "pk": 3,
    "fields": {
      "name": "Urea (46-0-0)",
      "manufacturer": "",
      "product_code": "",
      "nitrogen_pct": "46.00",
      "phosphorus_pct": "0.00",
      "potassium_pct": "0.00",
      "nitrate_nitrogen_pct": null,
      "ammoniacal_nitrogen_pct": null,
      "urea_nitrogen_pct": null,
      "slow_release_nitrogen_pct": null,
      "calcium_pct": null,
      "magnesium_pct": null,
      "sulfur_pct": null,
      "iron_pct": null,
      "zinc_pct": null,
      "manganese_pct": null,
      "boron_pct": null,
      "form": "granular",
      "density_lbs_per_gallon": null,
      "is_organic": false,
      "omri_listed": false,
      "cdfa_organic_registered": false,
      "active": true,
      "notes": "",
      "company": null,
      "created_at": "2025-12-17T21:36:22.351Z",
      "updated_at": "2025-12-17T21:36:22.351Z"
    }
  },
  {
    "model": "api.fertilizerproduct",
    "pk": 4,
    "fields": {
      "name": "Ammonium Sulfate (21-0-0)",
      "manufacturer": "",
      "product_code": "",
      "nitrogen_pct": "21.00",
      "phosphorus_pct": "0.00",
      "potassium_pct": "0.00",
      "nitrate_nitrogen_pct": null,
      "ammoniacal_nitrogen_pct": null,
      "urea_nitrogen_pct": null,
      "slow_release_nitrogen_pct": null,
      "calcium_pct": null,
      "magnesium_pct": null,
      "sulfur_pct": "24.00",
      "iron_pct": null,
      "zinc_pct": null,
      "manganese_pct": null,
      "boron_pct": null,
      "form": "granular",
      "density_lbs_per_gallon": null,
      "is_organic": false,
      "omri_listed": false,
      "cdfa_organic_registered": false,
      "active": true,
      "notes": "",
      "company": null,
      "created_at": "2025-12-17T21:36:22.353Z",
      "updated_at": "2025-12-17T21:36:22.353Z"
    }
  },
  {
    "model": "api.fertilizerproduct",
    "pk": 5,
    "fields": {
      "name": "Calcium Nitrate (15.5-0-0)",
      "manufacturer": "",
      "product_code": "",
      "nitrogen_pct": "15.50",
      "phosphorus_pct": "0.00",
      "potassium_pct": "0.00",
      "nitrate_nitrogen_pct": null,
      "ammoniacal_nitrogen_pct": null,
      "urea_nitrogen_pct": null,
      "slow_release_nitrogen_pct": null,
      "calcium_pct": "19.00",
      "magnesium_pct": null,
      "sulfur_pct": null,
      "iron_pct": null,
      "zinc_pct": null,
      "manganese_pct": null,
      "boron_pct": null,
      "form": "granular",
      "density_lbs_per_gallon": null,
      "is_organic": false,
      "omri_listed": false,
      "cdfa_organic_registered": false,
      "active": true,
      "notes": "",
      "company": null,
      "created_at": "2025-12-17T21:36:22.356Z",
      "updated_at": "2025-12-17T21:36:22.356Z"
    }
  },
  {
    "model": "api.fertilizerproduct",
    "pk": 6,
    "fields": {
      "name": "Triple 15 (15-15-15)",
      "manufacturer": "",
      "product_code": "",
      "nitrogen_pct": "15.00",
      "phosphorus_pct": "15.00",
      "potassium_pct": "15.00",
      "nitrate_nitrogen_pct": null,
      "ammoniacal_nitrogen_pct": null,
      "urea_nitrogen_pct": null,
      "slow_release_nitrogen_pct": null,
      "calcium_pct": null,
      "magnesium_pct": null,
      "sulfur_pct": null,
      "iron_pct": null,
      "zinc_pct": null,
      "manganese_pct": null,
      "boron_pct": null,
      "form": "granular",
      "density_lbs_per_gallon": null,
      "is_organic": false,
      "omri_listed": false,
      "cdfa_organic_registered": false,
      "active": true,
      "notes": "",
      "company": null,
      "created_at": "2025-12-17T21:36:22.358Z",
      "updated_at": "2025-12-17T21:36:22.358Z"
    }
  },
  {
    "model": "api.fertilizerproduct",
    "pk": 7,
    "fields": {
      "name": "Triple 16 (16-16-16)",
      "manufacturer": "",
      "product_code": "",
      "nitrogen_pct": "16.00",
      "phosphorus_pct": "16.00",
      "potassium_pct": "16.00",
      "nitrate_nitrogen_pct": null,
      "ammoniacal_nitrogen_pct": null,
      "urea_nitrogen_pct": null,
      "slow_release_nitrogen_pct": null,
      "calcium_pct": null,
      "magnesium_pct": null,
      "sulfur_pct": null,
      "iron_pct": null,
      "zinc_pct": null,
      "manganese_pct": null,
      "boron_pct": null,
      "form": "granular",
      "density_lbs_per_gallon": null,
      "is_organic": false,
      "omri_listed": false,
      "cdfa_organic_registered": false,
      "active": true,
      "notes": "",
      "company": null,
      "created_at": "2025-12-17T21:36:22.360Z",
      "updated_at": "2025-12-17T21:36:22.360Z"
    }
  },
  {
    "model": "api.fertilizerproduct",
    "pk": 8,
    "fields": {
      "name": "Citrus & Avocado Food (10-6-4)",
      "manufacturer": "",
      "product_code": "",
      "nitrogen_pct": "10.00",
      "phosphorus_pct": "6.00",
      "potassium_pct": "4.00",
      "nitrate_nitrogen_pct": null,
      "ammoniacal_nitrogen_pct": null,
      "urea_nitrogen_pct": null,
      "slow_release_nitrogen_pct": null,
      "calcium_pct": null,
      "magnesium_pct": null,
      "sulfur_pct": null,
      "iron_pct": null,
      "zinc_pct": null,
      "manganese_pct": null,
      "boron_pct": null,
      "form": "granular",
      "density_lbs_per_gallon": null,
      "is_organic": false,
      "omri_listed": false,
      "cdfa_organic_registered": false,
      "active": true,
      "notes": "",
      "company": null,
      "created_at": "2025-12-17T21:36:22.362Z",
      "updated_at": "2025-12-17T21:36:22.362Z"
    }
  },
  {
    "model": "api.fertilizerproduct",
    "pk": 9,
    "fields": {
      "name": "Potassium Sulfate (0-0-50)",
      "manufacturer": "",
      "product_code": "",
      "nitrogen_pct": "0.00",
      "phosphorus_pct": "0.00",
      "potassium_pct": "50.00",
      "nitrate_nitrogen_pct": null,
      "ammoniacal_nitrogen_pct": null,
      "urea_nitrogen_pct": null,
      "slow_release_nitrogen_pct": null,
      "calcium_pct": null,
      "magnesium_pct": null,
      "sulfur_pct": "17.00",
      "iron_pct": null,
      "zinc_pct": null,
      "manganese_pct": null,
      "boron_pct": null,
      "form": "granular",
      "density_lbs_per_gallon": null,
      "is_organic": false,
      "omri_listed": false,
      "cdfa_organic_registered": false,
      "active": true,
      "notes": "",
      "company": null,
      "created_at": "2025-12-17T21:36:22.364Z",
      "updated_at": "2025-12-17T21:36:22.364Z"
    }
  },
  {
    "model": "api.fertilizerproduct",
    "pk": 10,
    "fields": {
      "name": "Blood Meal (12-0-0)",
      "manufacturer": "",
      "product_code": "",
      "nitrogen_pct": "12.00",
      "phosphorus_pct": "0.00",
      "potassium_pct": "0.00",
      "nitrate_nitrogen_pct": null,
      "ammoniacal_nitrogen_pct": null,
      "urea_nitrogen_pct": null,
      "slow_release_nitrogen_pct": null,
      "calcium_pct": null,
      "magnesium_pct": null,
      "sulfur_pct": null,
      "iron_pct": null,
      "zinc_pct": null,
      "manganese_pct": null,
      "boron_pct": null,
      "form": "organic",
      "density_lbs_per_gallon": null,
      "is_organic": true,
      "omri_listed": true,
      "cdfa_organic_registered": false,
      "active": true,
      "notes": "",
      "company": null,
      "created_at": "2025-12-17T21:36:22.366Z",
      "updated_at": "2025-12-17T21:36:22.366Z"
    }
  },
  {
    "model": "api.weathercache",
    "pk": 1,
    "fields": {
      "farm": 8,
      "latitude": "34.4458248",
      "longitude": "-119.0779359",
      "weather_data": {
        "icon": "03n",
        "cached": false,
        "clouds": 36,
        "sunset": 1769303854,
        "sunrise": 1769266740,
        "dewpoint": 76,
        "humidity": 89,
        "pressure": 1012,
        "wind_gust": 3,
        "conditions": "Scattered Clouds",
        "feels_like": 49,
        "fetched_at": "2026-01-24T13:22:09.532362+00:00",
        "visibility": 6.213727366498068,
        "wind_speed": 2,
        "temperature": 50,
        "wind_degrees": 76,
        "wind_direction": "ENE",
        "spray_conditions": {
          "score": 60,
          "rating": "fair",
          "factors": {
            "rain": {
              "value": "no",
              "status": "good",
              "message": "No rain expected"
            },
            "wind": {
              "value": 2,
              "status": "poor",
              "message": "Too calm (2 mph) - inversion risk"
            },
            "humidity": {
              "value": 89,
              "status": "poor",
              "message": "Humidity too high - poor drying (89%)"
            },
            "inversion": {
              "value": "low",
              "status": "good",
              "message": "Low inversion risk"
            },
            "temperature": {
              "value": 50,
              "status": "good",
              "message": "Optimal temperature (50\u00b0F)"
            }
          }
        }
      },
      "forecast_data": {
        "daily": [
          {
            "low": 60,
            "date": "2026-01-15",
            "high": 62,
            "icon": "01n",
            "humidity": 44,
            "conditions": "Clear Sky",
            "wind_speed": 6,
            "rain_chance": 0,
            "spray_rating": "good"
          },
          {
            "low": 53,
            "date": "2026-01-16",
            "high": 72,
            "icon": "01d",
            "humidity": 25,
            "conditions": "Clear Sky",
            "wind_speed": 6,
            "rain_chance": 0,
            "spray_rating": "fair"
          },
          {
            "low": 54,
            "date": "2026-01-17",
            "high": 71,
            "icon": "04d",
            "humidity": 22,
            "conditions": "Overcast Clouds",
            "wind_speed": 6,
            "rain_chance": 0,
            "spray_rating": "fair"
          },
          {
            "low": 52,
            "date": "2026-01-18",
            "high": 69,
            "icon": "04d",
            "humidity": 29,
            "conditions": "Few Clouds",
            "wind_speed": 4,
            "rain_chance": 0,
            "spray_rating": "fair"
          },
          {
            "low": 52,
            "date": "2026-01-19",
            "high": 64,
            "icon": "04d",
            "humidity": 37,
            "conditions": "Overcast Clouds",
            "wind_speed": 4,
            "rain_chance": 0,
            "spray_rating": "fair"
          },
          {
            "low": 49,
            "date": "2026-01-20",
            "high": 62,
            "icon": "04d",
            "humidity": 35,
            "conditions": "Overcast Clouds",
            "wind_speed": 5,
            "rain_chance": 0,
            "spray_rating": "fair"
          }
        ],
        "cached": false,
        "fetched_at": "2026-01-16T02:18:52.158364+00:00"
      },
      "fetched_at": "2026-01-24T13:22:09.532Z"
    }
  },
  {
    "model": "api.weathercache",
    "pk": 3,
    "fields": {
      "farm": 10,
      "latitude": "34.4560668",
      "longitude": "-119.2236543",
      "weather_data": {
        "icon": "01d",
        "cached": false,
        "clouds": 7,
        "sunset": 1768871589,
        "sunrise": 1768834907,
        "dewpoint": 84,
        "humidity": 48,
        "pressure": 1015,
        "wind_gust": 2,
        "conditions": "Clear Sky",
        "feels_like": 68,
        "fetched_at": "2026-01-19T22:53:15.309963+00:00",
        "visibility": 6.213727366498068,
        "wind_speed": 4,
        "temperature": 70,
        "wind_degrees": 189,
        "wind_direction": "S",
        "spray_conditions": {
          "score": 100,
          "rating": "good",
          "factors": {
            "rain": {
              "value": "no",
              "status": "good",
              "message": "No rain expected"
            },
            "wind": {
              "value": 4,
              "status": "good",
              "message": "Ideal wind speed (4 mph)"
            },
            "humidity": {
              "value": 48,
              "status": "good",
              "message": "Good humidity level (48%)"
            },
            "inversion": {
              "value": "low",
              "status": "good",
              "message": "Low inversion risk"
            },
            "temperature": {
              "value": 70,
              "status": "good",
              "message": "Optimal temperature (70\u00b0F)"
            }
          }
        }
      },
      "forecast_data": {},
      "fetched_at": "2026-01-19T22:53:15.310Z"
    }
  },
  {
    "model": "api.weathercache",
    "pk": 4,
    "fields": {
      "farm": 11,
      "latitude": "34.4547727",
      "longitude": "-119.2195012",
      "weather_data": {
        "icon": "01d",
        "cached": false,
        "clouds": 7,
        "sunset": 1768871588,
        "sunrise": 1768834906,
        "dewpoint": 84,
        "humidity": 48,
        "pressure": 1015,
        "wind_gust": 2,
        "conditions": "Clear Sky",
        "feels_like": 68,
        "fetched_at": "2026-01-19T22:54:42.469322+00:00",
        "visibility": 6.213727366498068,
        "wind_speed": 4,
        "temperature": 70,
        "wind_degrees": 189,
        "wind_direction": "S",
        "spray_conditions": {
          "score": 100,
          "rating": "good",
          "factors": {
            "rain": {
              "value": "no",
              "status": "good",
              "message": "No rain expected"
            },
            "wind": {
              "value": 4,
              "status": "good",
              "message": "Ideal wind speed (4 mph)"
            },
            "humidity": {
              "value": 48,
              "status": "good",
              "message": "Good humidity level (48%)"
            },
            "inversion": {
              "value": "low",
              "status": "good",
              "message": "Low inversion risk"
            },
            "temperature": {
              "value": 70,
              "status": "good",
              "message": "Optimal temperature (70\u00b0F)"
            }
          }
        }
      },
      "forecast_data": {
        "daily": [
          {
            "low": 65,
            "date": "2026-01-19",
            "high": 70,
            "icon": "01d",
            "humidity": 44,
            "conditions": "Clear Sky",
            "wind_speed": 5,
            "rain_chance": 0,
            "spray_rating": "good"
          },
          {
            "low": 61,
            "date": "2026-01-20",
            "high": 74,
            "icon": "03d",
            "humidity": 32,
            "conditions": "Scattered Clouds",
            "wind_speed": 5,
            "rain_chance": 0,
            "spray_rating": "fair"
          },
          {
            "low": 59,
            "date": "2026-01-21",
            "high": 69,
            "icon": "04d",
            "humidity": 42,
            "conditions": "Overcast Clouds",
            "wind_speed": 4,
            "rain_chance": 0,
            "spray_rating": "good"
          },
          {
            "low": 54,
            "date": "2026-01-22",
            "high": 65,
            "icon": "04d",
            "humidity": 56,
            "conditions": "Overcast Clouds",
            "wind_speed": 4,
            "rain_chance": 2,
            "spray_rating": "fair"
          },
          {
            "low": 53,
            "date": "2026-01-23",
            "high": 67,
            "icon": "01d",
            "humidity": 60,
            "conditions": "Clear Sky",
            "wind_speed": 5,
            "rain_chance": 0,
            "spray_rating": "good"
          },
          {
            "low": 56,
            "date": "2026-01-24",
            "high": 70,
            "icon": "01d",
            "humidity": 45,
            "conditions": "Clear Sky",
            "wind_speed": 7,
            "rain_chance": 0,
            "spray_rating": "good"
          }
        ],
        "cached": false,
        "fetched_at": "2026-01-19T22:54:44.447796+00:00"
      },
      "fetched_at": "2026-01-19T22:54:44.447Z"
    }
  },
  {
    "model": "api.externaldetection",
    "pk": 1,
    "fields": {
      "source": "cdfa",
      "source_id": "HLB-2025-001",
      "disease_type": "hlb",
      "disease_name": "Huanglongbing (Citrus Greening)",
      "latitude": "34.0522000",
      "longitude": "-118.2437000",
      "county": "Los Angeles",
      "city": "Los Angeles",
      "location_type": "residential",
      "detection_date": "2025-12-21",
      "reported_date": "2025-12-23",
      "fetched_at": "2026-01-20T13:27:53.661Z",
      "is_active": true,
      "eradication_date": null,
      "notes": "Confirmed HLB positive tree in residential backyard.",
      "raw_data": {}
    }
  },
  {
    "model": "api.externaldetection",
    "pk": 2,
    "fields": {
      "source": "cdfa",
      "source_id": "HLB-2025-002",
      "disease_type": "hlb",
      "disease_name": "Huanglongbing (Citrus Greening)",
      "latitude": "33.8366000",
      "longitude": "-117.9143000",
      "county": "Orange",
      "city": "Anaheim",
      "location_type": "residential",
      "detection_date": "2025-12-06",
      "reported_date": "2025-12-09",
      "fetched_at": "2026-01-20T13:27:53.663Z",
      "is_active": true,
      "eradication_date": null,
      "notes": "Confirmed HLB in residential citrus tree.",
      "raw_data": {}
    }
  },
  {
    "model": "api.externaldetection",
    "pk": 3,
    "fields": {
      "source": "cdfa",
      "source_id": "HLB-2025-003",
      "disease_type": "hlb",
      "disease_name": "Huanglongbing (Citrus Greening)",
      "latitude": "34.4208000",
      "longitude": "-119.6982000",
      "county": "Santa Barbara",
      "city": "Santa Barbara",
      "location_type": "residential",
      "detection_date": "2026-01-05",
      "reported_date": "2026-01-08",
      "fetched_at": "2026-01-20T13:27:53.665Z",
      "is_active": true,
      "eradication_date": null,
      "notes": "New HLB detection in Santa Barbara county.",
      "raw_data": {}
    }
  },
  {
    "model": "api.externaldetection",
    "pk": 4,
    "fields": {
      "source": "cdfa",
      "source_id": "ACP-2025-001",
      "disease_type": "acp",
      "disease_name": "Asian Citrus Psyllid",
      "latitude": "34.3917000",
      "longitude": "-119.1383000",
      "county": "Ventura",
      "city": "Ventura",
      "location_type": "residential",
      "detection_date": "2026-01-10",
      "reported_date": "2026-01-12",
      "fetched_at": "2026-01-20T13:27:53.665Z",
      "is_active": true,
      "eradication_date": null,
      "notes": "ACP trap find - high activity area.",
      "raw_data": {}
    }
  },
  {
    "model": "api.externaldetection",
    "pk": 5,
    "fields": {
      "source": "cdfa",
      "source_id": "ACP-2025-002",
      "disease_type": "acp",
      "disease_name": "Asian Citrus Psyllid",
      "latitude": "34.4500000",
      "longitude": "-119.2500000",
      "county": "Ventura",
      "city": "Ojai",
      "location_type": "residential",
      "detection_date": "2026-01-15",
      "reported_date": "2026-01-17",
      "fetched_at": "2026-01-20T13:27:53.666Z",
      "is_active": true,
      "eradication_date": null,
      "notes": "Multiple ACP finds in Ojai Valley.",
      "raw_data": {}
    }
  },
  {
    "model": "api.externaldetection",
    "pk": 6,
    "fields": {
      "source": "cdfa",
      "source_id": "HLB-CA-2024-LA-001",
      "disease_type": "hlb",
      "disease_name": "Huanglongbing (Citrus Greening)",
      "latitude": "34.0522000",
      "longitude": "-118.2437000",
      "county": "Los Angeles",
      "city": "Los Angeles",
      "location_type": "residential",
      "detection_date": "2024-06-15",
      "reported_date": "2024-06-18",
      "fetched_at": "2026-01-20T13:34:33.783Z",
      "is_active": true,
      "eradication_date": null,
      "notes": "Confirmed HLB positive tree in residential area.",
      "raw_data": {}
    }
  },
  {
    "model": "api.externaldetection",
    "pk": 7,
    "fields": {
      "source": "cdfa",
      "source_id": "HLB-CA-2024-LA-002",
      "disease_type": "hlb",
      "disease_name": "Huanglongbing (Citrus Greening)",
      "latitude": "34.1478000",
      "longitude": "-118.1445000",
      "county": "Los Angeles",
      "city": "Pasadena",
      "location_type": "residential",
      "detection_date": "2024-08-22",
      "reported_date": "2024-08-25",
      "fetched_at": "2026-01-20T13:34:33.786Z",
      "is_active": true,
      "eradication_date": null,
      "notes": "HLB detected in backyard citrus tree.",
      "raw_data": {}
    }
  },
  {
    "model": "api.externaldetection",
    "pk": 8,
    "fields": {
      "source": "cdfa",
      "source_id": "HLB-CA-2024-OC-001",
      "disease_type": "hlb",
      "disease_name": "Huanglongbing (Citrus Greening)",
      "latitude": "33.8366000",
      "longitude": "-117.9143000",
      "county": "Orange",
      "city": "Anaheim",
      "location_type": "residential",
      "detection_date": "2024-05-10",
      "reported_date": "2024-05-13",
      "fetched_at": "2026-01-20T13:34:33.787Z",
      "is_active": true,
      "eradication_date": null,
      "notes": "HLB confirmed in Orange County residential tree.",
      "raw_data": {}
    }
  },
  {
    "model": "api.externaldetection",
    "pk": 9,
    "fields": {
      "source": "cdfa",
      "source_id": "HLB-CA-2024-OC-002",
      "disease_type": "hlb",
      "disease_name": "Huanglongbing (Citrus Greening)",
      "latitude": "33.7175000",
      "longitude": "-117.8311000",
      "county": "Orange",
      "city": "Santa Ana",
      "location_type": "residential",
      "detection_date": "2024-09-05",
      "reported_date": "2024-09-08",
      "fetched_at": "2026-01-20T13:34:33.788Z",
      "is_active": true,
      "eradication_date": null,
      "notes": "Additional HLB find in Santa Ana area.",
      "raw_data": {}
    }
  },
  {
    "model": "api.externaldetection",
    "pk": 10,
    "fields": {
      "source": "cdfa",
      "source_id": "HLB-CA-2024-RV-001",
      "disease_type": "hlb",
      "disease_name": "Huanglongbing (Citrus Greening)",
      "latitude": "33.9533000",
      "longitude": "-117.3962000",
      "county": "Riverside",
      "city": "Riverside",
      "location_type": "residential",
      "detection_date": "2024-07-20",
      "reported_date": "2024-07-23",
      "fetched_at": "2026-01-20T13:34:33.789Z",
      "is_active": true,
      "eradication_date": null,
      "notes": "HLB detected in Riverside County.",
      "raw_data": {}
    }
  },
  {
    "model": "api.externaldetection",
    "pk": 11,
    "fields": {
      "source": "cdfa",
      "source_id": "HLB-CA-2024-SB-001",
      "disease_type": "hlb",
      "disease_name": "Huanglongbing (Citrus Greening)",
      "latitude": "34.1083000",
      "longitude": "-117.2898000",
      "county": "San Bernardino",
      "city": "San Bernardino",
      "location_type": "residential",
      "detection_date": "2024-10-01",
      "reported_date": "2024-10-04",
      "fetched_at": "2026-01-20T13:34:33.790Z",
      "is_active": true,
      "eradication_date": null,
      "notes": "First HLB detection in San Bernardino County.",
      "raw_data": {}
    }
  },
  {
    "model": "api.externaldetection",
    "pk": 12,
    "fields": {
      "source": "cdfa",
      "source_id": "HLB-CA-2025-SD-001",
      "disease_type": "hlb",
      "disease_name": "Huanglongbing (Citrus Greening)",
      "latitude": "32.7157000",
      "longitude": "-117.1611000",
      "county": "San Diego",
      "city": "San Diego",
      "location_type": "residential",
      "detection_date": "2025-01-15",
      "reported_date": "2025-01-18",
      "fetched_at": "2026-01-20T13:34:33.791Z",
      "is_active": true,
      "eradication_date": null,
      "notes": "New HLB detection in San Diego County.",
      "raw_data": {}
    }
  },
  {
    "model": "api.externaldetection",
    "pk": 13,
    "fields": {
      "source": "cdfa",
      "source_id": "HLB-CA-2025-VN-001",
      "disease_type": "hlb",
      "disease_name": "Huanglongbing (Citrus Greening)",
      "latitude": "34.2746000",
      "longitude": "-119.2290000",
      "county": "Ventura",
      "city": "Ventura",
      "location_type": "residential",
      "detection_date": "2025-11-01",
      "reported_date": "2025-11-04",
      "fetched_at": "2026-01-20T13:34:33.792Z",
      "is_active": true,
      "eradication_date": null,
      "notes": "HLB detection in Ventura County - first in county.",
      "raw_data": {}
    }
  },
  {
    "model": "api.externaldetection",
    "pk": 14,
    "fields": {
      "source": "cdfa",
      "source_id": "HLB-CA-2026-SB-001",
      "disease_type": "hlb",
      "disease_name": "Huanglongbing (Citrus Greening)",
      "latitude": "34.4208000",
      "longitude": "-119.6982000",
      "county": "Santa Barbara",
      "city": "Santa Barbara",
      "location_type": "residential",
      "detection_date": "2026-01-05",
      "reported_date": "2026-01-08",
      "fetched_at": "2026-01-20T13:34:33.793Z",
      "is_active": true,
      "eradication_date": null,
      "notes": "Recent HLB detection in Santa Barbara County.",
      "raw_data": {}
    }
  },
  {
    "model": "api.externaldetection",
    "pk": 15,
    "fields": {
      "source": "cdfa",
      "source_id": "ACP-CA-2025-VN-001",
      "disease_type": "acp",
      "disease_name": "Asian Citrus Psyllid",
      "latitude": "34.3917000",
      "longitude": "-119.1383000",
      "county": "Ventura",
      "city": "Ventura",
      "location_type": "residential",
      "detection_date": "2026-01-10",
      "reported_date": "2026-01-12",
      "fetched_at": "2026-01-20T13:34:33.794Z",
      "is_active": true,
      "eradication_date": null,
      "notes": "High ACP trap catches in Ventura area.",
      "raw_data": {}
    }
  },
  {
    "model": "api.externaldetection",
    "pk": 16,
    "fields": {
      "source": "cdfa",
      "source_id": "ACP-CA-2025-VN-002",
      "disease_type": "acp",
      "disease_name": "Asian Citrus Psyllid",
      "latitude": "34.4500000",
      "longitude": "-119.2500000",
      "county": "Ventura",
      "city": "Ojai",
      "location_type": "residential",
      "detection_date": "2026-01-15",
      "reported_date": "2026-01-17",
      "fetched_at": "2026-01-20T13:34:33.795Z",
      "is_active": true,
      "eradication_date": null,
      "notes": "Multiple ACP finds in Ojai Valley - high activity zone.",
      "raw_data": {}
    }
  },
  {
    "model": "api.externaldetection",
    "pk": 17,
    "fields": {
      "source": "cdfa",
      "source_id": "ACP-CA-2025-LA-001",
      "disease_type": "acp",
      "disease_name": "Asian Citrus Psyllid",
      "latitude": "34.0689000",
      "longitude": "-118.0276000",
      "county": "Los Angeles",
      "city": "El Monte",
      "location_type": "residential",
      "detection_date": "2025-12-01",
      "reported_date": "2025-12-03",
      "fetched_at": "2026-01-20T13:34:33.796Z",
      "is_active": true,
      "eradication_date": null,
      "notes": "ACP activity in San Gabriel Valley.",
      "raw_data": {}
    }
  },
  {
    "model": "api.externaldetection",
    "pk": 18,
    "fields": {
      "source": "cdfa",
      "source_id": "ACP-CA-2025-OC-001",
      "disease_type": "acp",
      "disease_name": "Asian Citrus Psyllid",
      "latitude": "33.6846000",
      "longitude": "-117.8265000",
      "county": "Orange",
      "city": "Irvine",
      "location_type": "residential",
      "detection_date": "2025-11-15",
      "reported_date": "2025-11-17",
      "fetched_at": "2026-01-20T13:34:33.797Z",
      "is_active": true,
      "eradication_date": null,
      "notes": "ACP population detected in Irvine residential area.",
      "raw_data": {}
    }
  },
  {
    "model": "api.externaldetection",
    "pk": 19,
    "fields": {
      "source": "cdfa",
      "source_id": "ACP-CA-2025-RV-001",
      "disease_type": "acp",
      "disease_name": "Asian Citrus Psyllid",
      "latitude": "33.8753000",
      "longitude": "-117.5664000",
      "county": "Riverside",
      "city": "Corona",
      "location_type": "residential",
      "detection_date": "2025-10-20",
      "reported_date": "2025-10-22",
      "fetched_at": "2026-01-20T13:34:33.799Z",
      "is_active": true,
      "eradication_date": null,
      "notes": "ACP activity in Corona/Riverside area.",
      "raw_data": {}
    }
  },
  {
    "model": "api.externaldetection",
    "pk": 20,
    "fields": {
      "source": "cdfa",
      "source_id": "ACP-CA-2025-SD-001",
      "disease_type": "acp",
      "disease_name": "Asian Citrus Psyllid",
      "latitude": "32.8328000",
      "longitude": "-117.1499000",
      "county": "San Diego",
      "city": "La Mesa",
      "location_type": "residential",
      "detection_date": "2025-09-05",
      "reported_date": "2025-09-07",
      "fetched_at": "2026-01-20T13:34:33.801Z",
      "is_active": true,
      "eradication_date": null,
      "notes": "ACP spreading in San Diego County.",
      "raw_data": {}
    }
  },
  {
    "model": "api.externaldetection",
    "pk": 21,
    "fields": {
      "source": "cdfa",
      "source_id": "ACP-CA-2026-SBA-001",
      "disease_type": "acp",
      "disease_name": "Asian Citrus Psyllid",
      "latitude": "34.4285000",
      "longitude": "-119.7053000",
      "county": "Santa Barbara",
      "city": "Goleta",
      "location_type": "residential",
      "detection_date": "2026-01-08",
      "reported_date": "2026-01-10",
      "fetched_at": "2026-01-20T13:34:33.802Z",
      "is_active": true,
      "eradication_date": null,
      "notes": "ACP detected in Santa Barbara County - new spread area.",
      "raw_data": {}
    }
  },
  {
    "model": "api.packinghouse",
    "pk": 5,
    "fields": {
      "company": 1,
      "name": "Saticoy Lemon Assn.",
      "short_code": "",
      "address": "",
      "city": "",
      "state": "CA",
      "zip_code": "",
      "contact_name": "",
      "contact_phone": "",
      "contact_email": "",
      "grower_id": "",
      "notes": "",
      "is_active": true,
      "created_at": "2026-01-21T19:08:14.466Z",
      "updated_at": "2026-01-21T19:08:14.466Z"
    }
  },
  {
    "model": "api.packinghouse",
    "pk": 6,
    "fields": {
      "company": 1,
      "name": "VPOA",
      "short_code": "",
      "address": "",
      "city": "",
      "state": "CA",
      "zip_code": "",
      "contact_name": "",
      "contact_phone": "",
      "contact_email": "",
      "grower_id": "",
      "notes": "",
      "is_active": true,
      "created_at": "2026-01-21T20:27:16.583Z",
      "updated_at": "2026-01-21T20:27:16.583Z"
    }
  },
  {
    "model": "api.pool",
    "pk": 2,
    "fields": {
      "packinghouse": 6,
      "pool_id": "",
      "name": "CARA POOL",
      "commodity": "NAVELS",
      "variety": "",
      "season": "2024-2025",
      "pool_type": "fresh",
      "status": "active",
      "open_date": null,
      "close_date": null,
      "notes": "",
      "created_at": "2026-01-21T21:22:25.070Z",
      "updated_at": "2026-01-21T21:22:25.070Z"
    }
  },
  {
    "model": "api.pool",
    "pk": 6,
    "fields": {
      "packinghouse": 6,
      "pool_id": "2025 D2 CARA POOL",
      "name": "2025 D2 CARA POOL",
      "commodity": "NAVELS",
      "variety": "",
      "season": "2025-2026",
      "pool_type": "fresh",
      "status": "active",
      "open_date": null,
      "close_date": null,
      "notes": "",
      "created_at": "2026-01-21T23:29:51.797Z",
      "updated_at": "2026-01-21T23:29:51.797Z"
    }
  },
  {
    "model": "api.packoutreport",
    "pk": 3,
    "fields": {
      "pool": 2,
      "field": 6,
      "report_date": "2026-01-21",
      "period_start": "2025-01-17",
      "period_end": "2025-03-03",
      "run_numbers": "",
      "bins_this_period": "648.75",
      "bins_cumulative": "648.75",
      "total_packed_percent": "72.96",
      "house_avg_packed_percent": null,
      "juice_percent": "4.69",
      "cull_percent": null,
      "quality_notes": "",
      "grade_data_json": {
        "blocks": [
          {
            "bins": 648.75,
            "cartons": null,
            "block_id": "BLOCK 1 CARAS",
            "block_name": "BLOCK 1 CARAS",
            "weight_lbs": null
          }
        ],
        "header": {
          "season": "2024-2025",
          "pool_id": "2025 D2 CARA POOL",
          "variety": "CARA NAVELS",
          "commodity": "NAVELS",
          "grower_id": null,
          "pool_name": null,
          "period_end": "2025-03-03",
          "grower_name": "THACHER CREEK CITRUS LLC",
          "report_date": null,
          "run_numbers": null,
          "period_start": "2025-01-17"
        },
        "summary": {
          "total_bins": 648.75,
          "cull_percent": null,
          "juice_percent": 4.69,
          "total_cartons": 11586,
          "total_weight_lbs": null,
          "fresh_fruit_percent": 77.65,
          "total_packed_percent": 72.96,
          "house_avg_packed_percent": null
        },
        "confidence": 0.95,
        "deductions": [],
        "financials": {
          "amount_due": null,
          "net_return": null,
          "net_per_bin": null,
          "total_credits": null,
          "net_per_carton": null,
          "prior_advances": null,
          "total_deductions": null,
          "house_avg_per_bin": null,
          "house_avg_per_carton": null
        },
        "grade_lines": [
          {
            "size": "048",
            "unit": "CARTON",
            "grade": "SK DOMESTIC",
            "percent": 0.02,
            "fob_rate": null,
            "quantity": 3,
            "total_amount": null
          },
          {
            "size": "056",
            "unit": "CARTON",
            "grade": "SK DOMESTIC",
            "percent": 1.58,
            "fob_rate": null,
            "quantity": 236,
            "total_amount": null
          },
          {
            "size": "072",
            "unit": "CARTON",
            "grade": "SK DOMESTIC",
            "percent": 6.72,
            "fob_rate": null,
            "quantity": 1003,
            "total_amount": null
          },
          {
            "size": "088",
            "unit": "CARTON",
            "grade": "SK DOMESTIC",
            "percent": 22.57,
            "fob_rate": null,
            "quantity": 3367,
            "total_amount": null
          },
          {
            "size": "113",
            "unit": "CARTON",
            "grade": "SK DOMESTIC",
            "percent": 14.47,
            "fob_rate": null,
            "quantity": 2159,
            "total_amount": null
          },
          {
            "size": "138",
            "unit": "CARTON",
            "grade": "SK DOMESTIC",
            "percent": 2.74,
            "fob_rate": null,
            "quantity": 409,
            "total_amount": null
          },
          {
            "size": "056",
            "unit": "CARTON",
            "grade": "CH DOMESTIC",
            "percent": 0.64,
            "fob_rate": null,
            "quantity": 96,
            "total_amount": null
          },
          {
            "size": "072",
            "unit": "CARTON",
            "grade": "CH DOMESTIC",
            "percent": 5.17,
            "fob_rate": null,
            "quantity": 772,
            "total_amount": null
          },
          {
            "size": "088",
            "unit": "CARTON",
            "grade": "CH DOMESTIC",
            "percent": 9.22,
            "fob_rate": null,
            "quantity": 1373,
            "total_amount": null
          },
          {
            "size": "113",
            "unit": "CARTON",
            "grade": "CH DOMESTIC",
            "percent": 7.61,
            "fob_rate": null,
            "quantity": 1136,
            "total_amount": null
          },
          {
            "size": "138",
            "unit": "CARTON",
            "grade": "CH DOMESTIC",
            "percent": 2.19,
            "fob_rate": null,
            "quantity": 327,
            "total_amount": null
          },
          {
            "size": "163",
            "unit": "CARTON",
            "grade": "CH DOMESTIC",
            "percent": 0.03,
            "fob_rate": null,
            "quantity": 5,
            "total_amount": null
          },
          {
            "size": null,
            "unit": "CARTON",
            "grade": "JUICE",
            "percent": 4.69,
            "fob_rate": null,
            "quantity": 700,
            "total_amount": null
          }
        ],
        "quality_notes": null,
        "statement_type": "packout",
        "packinghouse_format": "vpoa"
      },
      "source_statement": 53,
      "created_at": "2026-01-21T22:01:55.367Z",
      "updated_at": "2026-01-21T22:01:55.367Z"
    }
  },
  {
    "model": "api.packoutreport",
    "pk": 4,
    "fields": {
      "pool": 6,
      "field": 6,
      "report_date": "2026-01-21",
      "period_start": "2025-03-06",
      "period_end": "2025-03-10",
      "run_numbers": "",
      "bins_this_period": "159.00",
      "bins_cumulative": "159.00",
      "total_packed_percent": "46.78",
      "house_avg_packed_percent": null,
      "juice_percent": "53.21",
      "cull_percent": null,
      "quality_notes": "",
      "grade_data_json": {
        "blocks": [
          {
            "bins": 159,
            "cartons": null,
            "block_id": "BLOCK 2 CARAS",
            "block_name": null,
            "weight_lbs": null
          }
        ],
        "header": {
          "season": null,
          "pool_id": "2025 D2 CARA POOL",
          "variety": "CARA NAVELS",
          "commodity": "NAVELS",
          "grower_id": null,
          "pool_name": null,
          "period_end": "2025-03-10",
          "grower_name": "THACHER CREEK CITRUS LLC",
          "report_date": null,
          "run_numbers": null,
          "period_start": "2025-03-06"
        },
        "summary": {
          "total_bins": 159,
          "cull_percent": null,
          "juice_percent": 53.21,
          "total_cartons": 3657,
          "total_weight_lbs": null,
          "fresh_fruit_percent": null,
          "total_packed_percent": 46.78,
          "house_avg_packed_percent": null
        },
        "confidence": 0.95,
        "deductions": [],
        "financials": {
          "amount_due": null,
          "net_return": null,
          "net_per_bin": null,
          "total_credits": null,
          "net_per_carton": null,
          "prior_advances": null,
          "total_deductions": null,
          "house_avg_per_bin": null,
          "house_avg_per_carton": null
        },
        "grade_lines": [
          {
            "size": "056",
            "unit": "CARTON",
            "grade": "SK DOMESTIC",
            "percent": 0.57,
            "fob_rate": null,
            "quantity": 21,
            "total_amount": null
          },
          {
            "size": "072",
            "unit": "CARTON",
            "grade": "SK DOMESTIC",
            "percent": 1.61,
            "fob_rate": null,
            "quantity": 59,
            "total_amount": null
          },
          {
            "size": "088",
            "unit": "CARTON",
            "grade": "SK DOMESTIC",
            "percent": 2.16,
            "fob_rate": null,
            "quantity": 79,
            "total_amount": null
          },
          {
            "size": "113",
            "unit": "CARTON",
            "grade": "SK DOMESTIC",
            "percent": 2.25,
            "fob_rate": null,
            "quantity": 82,
            "total_amount": null
          },
          {
            "size": "138",
            "unit": "CARTON",
            "grade": "SK DOMESTIC",
            "percent": 0.49,
            "fob_rate": null,
            "quantity": 18,
            "total_amount": null
          },
          {
            "size": "056",
            "unit": "CARTON",
            "grade": "CH DOMESTIC",
            "percent": 1.29,
            "fob_rate": null,
            "quantity": 47,
            "total_amount": null
          },
          {
            "size": "072",
            "unit": "CARTON",
            "grade": "CH DOMESTIC",
            "percent": 9.73,
            "fob_rate": null,
            "quantity": 356,
            "total_amount": null
          },
          {
            "size": "088",
            "unit": "CARTON",
            "grade": "CH DOMESTIC",
            "percent": 14.97,
            "fob_rate": null,
            "quantity": 548,
            "total_amount": null
          },
          {
            "size": "113",
            "unit": "CARTON",
            "grade": "CH DOMESTIC",
            "percent": 10.86,
            "fob_rate": null,
            "quantity": 397,
            "total_amount": null
          },
          {
            "size": "138",
            "unit": "CARTON",
            "grade": "CH DOMESTIC",
            "percent": 2.82,
            "fob_rate": null,
            "quantity": 103,
            "total_amount": null
          },
          {
            "size": "163",
            "unit": "CARTON",
            "grade": "CH DOMESTIC",
            "percent": 0.03,
            "fob_rate": null,
            "quantity": 1,
            "total_amount": null
          },
          {
            "size": null,
            "unit": "CARTON",
            "grade": "JUICE",
            "percent": 53.21,
            "fob_rate": null,
            "quantity": 1946,
            "total_amount": null
          }
        ],
        "quality_notes": null,
        "statement_type": "packout",
        "packinghouse_format": "vpoa"
      },
      "source_statement": 55,
      "created_at": "2026-01-21T23:29:51.972Z",
      "updated_at": "2026-01-21T23:29:51.972Z"
    }
  },
  {
    "model": "api.packoutgradeline",
    "pk": 16,
    "fields": {
      "packout_report": 3,
      "grade": "SK DOMESTIC",
      "size": "048",
      "unit_of_measure": "CARTON",
      "quantity_this_period": "3.00",
      "percent_this_period": "0.02",
      "quantity_cumulative": null,
      "percent_cumulative": null,
      "house_avg_percent": null
    }
  },
  {
    "model": "api.packoutgradeline",
    "pk": 17,
    "fields": {
      "packout_report": 3,
      "grade": "SK DOMESTIC",
      "size": "056",
      "unit_of_measure": "CARTON",
      "quantity_this_period": "236.00",
      "percent_this_period": "1.58",
      "quantity_cumulative": null,
      "percent_cumulative": null,
      "house_avg_percent": null
    }
  },
  {
    "model": "api.packoutgradeline",
    "pk": 18,
    "fields": {
      "packout_report": 3,
      "grade": "SK DOMESTIC",
      "size": "072",
      "unit_of_measure": "CARTON",
      "quantity_this_period": "1003.00",
      "percent_this_period": "6.72",
      "quantity_cumulative": null,
      "percent_cumulative": null,
      "house_avg_percent": null
    }
  },
  {
    "model": "api.packoutgradeline",
    "pk": 19,
    "fields": {
      "packout_report": 3,
      "grade": "SK DOMESTIC",
      "size": "088",
      "unit_of_measure": "CARTON",
      "quantity_this_period": "3367.00",
      "percent_this_period": "22.57",
      "quantity_cumulative": null,
      "percent_cumulative": null,
      "house_avg_percent": null
    }
  },
  {
    "model": "api.packoutgradeline",
    "pk": 20,
    "fields": {
      "packout_report": 3,
      "grade": "SK DOMESTIC",
      "size": "113",
      "unit_of_measure": "CARTON",
      "quantity_this_period": "2159.00",
      "percent_this_period": "14.47",
      "quantity_cumulative": null,
      "percent_cumulative": null,
      "house_avg_percent": null
    }
  },
  {
    "model": "api.packoutgradeline",
    "pk": 21,
    "fields": {
      "packout_report": 3,
      "grade": "SK DOMESTIC",
      "size": "138",
      "unit_of_measure": "CARTON",
      "quantity_this_period": "409.00",
      "percent_this_period": "2.74",
      "quantity_cumulative": null,
      "percent_cumulative": null,
      "house_avg_percent": null
    }
  },
  {
    "model": "api.packoutgradeline",
    "pk": 22,
    "fields": {
      "packout_report": 3,
      "grade": "CH DOMESTIC",
      "size": "056",
      "unit_of_measure": "CARTON",
      "quantity_this_period": "96.00",
      "percent_this_period": "0.64",
      "quantity_cumulative": null,
      "percent_cumulative": null,
      "house_avg_percent": null
    }
  },
  {
    "model": "api.packoutgradeline",
    "pk": 23,
    "fields": {
      "packout_report": 3,
      "grade": "CH DOMESTIC",
      "size": "072",
      "unit_of_measure": "CARTON",
      "quantity_this_period": "772.00",
      "percent_this_period": "5.17",
      "quantity_cumulative": null,
      "percent_cumulative": null,
      "house_avg_percent": null
    }
  },
  {
    "model": "api.packoutgradeline",
    "pk": 24,
    "fields": {
      "packout_report": 3,
      "grade": "CH DOMESTIC",
      "size": "088",
      "unit_of_measure": "CARTON",
      "quantity_this_period": "1373.00",
      "percent_this_period": "9.22",
      "quantity_cumulative": null,
      "percent_cumulative": null,
      "house_avg_percent": null
    }
  },
  {
    "model": "api.packoutgradeline",
    "pk": 25,
    "fields": {
      "packout_report": 3,
      "grade": "CH DOMESTIC",
      "size": "113",
      "unit_of_measure": "CARTON",
      "quantity_this_period": "1136.00",
      "percent_this_period": "7.61",
      "quantity_cumulative": null,
      "percent_cumulative": null,
      "house_avg_percent": null
    }
  },
  {
    "model": "api.packoutgradeline",
    "pk": 26,
    "fields": {
      "packout_report": 3,
      "grade": "CH DOMESTIC",
      "size": "138",
      "unit_of_measure": "CARTON",
      "quantity_this_period": "327.00",
      "percent_this_period": "2.19",
      "quantity_cumulative": null,
      "percent_cumulative": null,
      "house_avg_percent": null
    }
  },
  {
    "model": "api.packoutgradeline",
    "pk": 27,
    "fields": {
      "packout_report": 3,
      "grade": "CH DOMESTIC",
      "size": "163",
      "unit_of_measure": "CARTON",
      "quantity_this_period": "5.00",
      "percent_this_period": "0.03",
      "quantity_cumulative": null,
      "percent_cumulative": null,
      "house_avg_percent": null
    }
  },
  {
    "model": "api.packoutgradeline",
    "pk": 29,
    "fields": {
      "packout_report": 4,
      "grade": "SK DOMESTIC",
      "size": "056",
      "unit_of_measure": "CARTON",
      "quantity_this_period": "21.00",
      "percent_this_period": "0.57",
      "quantity_cumulative": null,
      "percent_cumulative": null,
      "house_avg_percent": null
    }
  },
  {
    "model": "api.packoutgradeline",
    "pk": 30,
    "fields": {
      "packout_report": 4,
      "grade": "SK DOMESTIC",
      "size": "072",
      "unit_of_measure": "CARTON",
      "quantity_this_period": "59.00",
      "percent_this_period": "1.61",
      "quantity_cumulative": null,
      "percent_cumulative": null,
      "house_avg_percent": null
    }
  },
  {
    "model": "api.packoutgradeline",
    "pk": 31,
    "fields": {
      "packout_report": 4,
      "grade": "SK DOMESTIC",
      "size": "088",
      "unit_of_measure": "CARTON",
      "quantity_this_period": "79.00",
      "percent_this_period": "2.16",
      "quantity_cumulative": null,
      "percent_cumulative": null,
      "house_avg_percent": null
    }
  },
  {
    "model": "api.packoutgradeline",
    "pk": 32,
    "fields": {
      "packout_report": 4,
      "grade": "SK DOMESTIC",
      "size": "113",
      "unit_of_measure": "CARTON",
      "quantity_this_period": "82.00",
      "percent_this_period": "2.25",
      "quantity_cumulative": null,
      "percent_cumulative": null,
      "house_avg_percent": null
    }
  },
  {
    "model": "api.packoutgradeline",
    "pk": 33,
    "fields": {
      "packout_report": 4,
      "grade": "SK DOMESTIC",
      "size": "138",
      "unit_of_measure": "CARTON",
      "quantity_this_period": "18.00",
      "percent_this_period": "0.49",
      "quantity_cumulative": null,
      "percent_cumulative": null,
      "house_avg_percent": null
    }
  },
  {
    "model": "api.packoutgradeline",
    "pk": 34,
    "fields": {
      "packout_report": 4,
      "grade": "CH DOMESTIC",
      "size": "056",
      "unit_of_measure": "CARTON",
      "quantity_this_period": "47.00",
      "percent_this_period": "1.29",
      "quantity_cumulative": null,
      "percent_cumulative": null,
      "house_avg_percent": null
    }
  },
  {
    "model": "api.packoutgradeline",
    "pk": 35,
    "fields": {
      "packout_report": 4,
      "grade": "CH DOMESTIC",
      "size": "072",
      "unit_of_measure": "CARTON",
      "quantity_this_period": "356.00",
      "percent_this_period": "9.73",
      "quantity_cumulative": null,
      "percent_cumulative": null,
      "house_avg_percent": null
    }
  },
  {
    "model": "api.packoutgradeline",
    "pk": 36,
    "fields": {
      "packout_report": 4,
      "grade": "CH DOMESTIC",
      "size": "088",
      "unit_of_measure": "CARTON",
      "quantity_this_period": "548.00",
      "percent_this_period": "14.97",
      "quantity_cumulative": null,
      "percent_cumulative": null,
      "house_avg_percent": null
    }
  },
  {
    "model": "api.packoutgradeline",
    "pk": 37,
    "fields": {
      "packout_report": 4,
      "grade": "CH DOMESTIC",
      "size": "113",
      "unit_of_measure": "CARTON",
      "quantity_this_period": "397.00",
      "percent_this_period": "10.86",
      "quantity_cumulative": null,
      "percent_cumulative": null,
      "house_avg_percent": null
    }
  },
  {
    "model": "api.packoutgradeline",
    "pk": 38,
    "fields": {
      "packout_report": 4,
      "grade": "CH DOMESTIC",
      "size": "138",
      "unit_of_measure": "CARTON",
      "quantity_this_period": "103.00",
      "percent_this_period": "2.82",
      "quantity_cumulative": null,
      "percent_cumulative": null,
      "house_avg_percent": null
    }
  },
  {
    "model": "api.packoutgradeline",
    "pk": 39,
    "fields": {
      "packout_report": 4,
      "grade": "CH DOMESTIC",
      "size": "163",
      "unit_of_measure": "CARTON",
      "quantity_this_period": "1.00",
      "percent_this_period": "0.03",
      "quantity_cumulative": null,
      "percent_cumulative": null,
      "house_avg_percent": null
    }
  },
  {
    "model": "api.packoutgradeline",
    "pk": 40,
    "fields": {
      "packout_report": 4,
      "grade": "JUICE",
      "size": "",
      "unit_of_measure": "CARTON",
      "quantity_this_period": "1946.00",
      "percent_this_period": "53.21",
      "quantity_cumulative": null,
      "percent_cumulative": null,
      "house_avg_percent": null
    }
  },
  {
    "model": "api.poolsettlement",
    "pk": 10,
    "fields": {
      "pool": 2,
      "field": null,
      "statement_date": "2025-07-24",
      "total_bins": "1287.75",
      "total_cartons": "29618.25",
      "total_weight_lbs": null,
      "total_credits": "346795.91",
      "total_deductions": "220095.82",
      "net_return": "126700.09",
      "prior_advances": "0.00",
      "amount_due": "0.00",
      "net_per_bin": "101.62",
      "net_per_carton": "4.42",
      "net_per_lb": null,
      "net_per_acre": null,
      "house_avg_per_bin": "93.75",
      "house_avg_per_carton": "4.08",
      "fresh_fruit_percent": null,
      "products_percent": null,
      "settlement_data_json": {
        "blocks": [
          {
            "bins": 648.75,
            "cartons": 14921.25,
            "block_id": "1CARA",
            "block_name": "BLOCK 1 CARAS",
            "weight_lbs": null
          },
          {
            "bins": 159,
            "cartons": 3657,
            "block_id": "2CARA",
            "block_name": "BLOCK 2 CARAS",
            "weight_lbs": null
          },
          {
            "bins": 480,
            "cartons": 11040,
            "block_id": "5CARA",
            "block_name": "BLOCK 5 CARAS",
            "weight_lbs": null
          }
        ],
        "header": {
          "season": "2024-2025",
          "pool_id": "2025 b2 CARA POOL",
          "variety": "CARA NAVELS",
          "commodity": "NAVELS",
          "grower_id": null,
          "pool_name": "CARA POOL",
          "period_end": null,
          "grower_name": "THATCHER THACHER CREEK CITRUS LLC",
          "report_date": "2025-07-24",
          "run_numbers": null,
          "period_start": null
        },
        "summary": {
          "total_bins": 1287.75,
          "cull_percent": null,
          "juice_percent": 23.67,
          "total_cartons": 29618.25,
          "total_weight_lbs": null,
          "fresh_fruit_percent": null,
          "total_packed_percent": 76.33,
          "house_avg_packed_percent": null
        },
        "confidence": 0.95,
        "deductions": [
          {
            "rate": 2.1,
            "unit": "CTN",
            "amount": 47476.8,
            "category": "packing",
            "quantity": 22608,
            "description": "PACKING CHARGES"
          },
          {
            "rate": 40,
            "unit": "BINS",
            "amount": 1287.75,
            "category": "packing",
            "quantity": null,
            "description": "DOOR CHARGE"
          },
          {
            "rate": 0.8,
            "unit": "CTN",
            "amount": 18086.4,
            "category": "assessment",
            "quantity": 22608,
            "description": "SUNKIST EXTRAS"
          },
          {
            "rate": 0.13,
            "unit": "CTN",
            "amount": 3850.34,
            "category": "marketing",
            "quantity": 29618,
            "description": "CDFA CITRUS PROGRAMS"
          },
          {
            "rate": 0.002,
            "unit": "CTN",
            "amount": 45.21,
            "category": "other",
            "quantity": 22508,
            "description": "STANDARDIZATION"
          },
          {
            "rate": 0.0575,
            "unit": "BINS",
            "amount": 74.05,
            "category": "other",
            "quantity": 1287.75,
            "description": "SK POLITICAL ACTION"
          },
          {
            "rate": 65.8241,
            "unit": "BINS",
            "amount": 84781.44,
            "category": "pick_haul",
            "quantity": 1288,
            "description": "PICKING-GWR ADV"
          },
          {
            "rate": 7.5,
            "unit": "BINS",
            "amount": 9660,
            "category": "pick_haul",
            "quantity": 1288,
            "description": "HAULING-GWR ADV"
          },
          {
            "rate": 3,
            "unit": "BINS",
            "amount": 3863.25,
            "category": "capital",
            "quantity": null,
            "description": "VPOA CAPITAL FUND"
          },
          {
            "rate": 0.01,
            "unit": "CTN",
            "amount": 296.18,
            "category": "capital",
            "quantity": 29618,
            "description": "SUNKIST CAPITAL FUND"
          }
        ],
        "financials": {
          "amount_due": null,
          "net_return": 126700.09,
          "net_per_bin": 101.62,
          "total_credits": 346795.91,
          "net_per_carton": 4.42,
          "prior_advances": null,
          "total_deductions": 220095.82,
          "house_avg_per_bin": 93.75,
          "house_avg_per_carton": 4.08
        },
        "grade_lines": [
          {
            "size": "048",
            "unit": "CARTON",
            "grade": "SK DOMESTIC",
            "percent": 0.01,
            "fob_rate": 17.917,
            "quantity": 3,
            "total_amount": 53.75
          },
          {
            "size": "056",
            "unit": "CARTON",
            "grade": "SK DOMESTIC",
            "percent": 1.14,
            "fob_rate": 17.3,
            "quantity": 337,
            "total_amount": 5830.1
          },
          {
            "size": "075",
            "unit": "CARTON",
            "grade": "SK DOMESTIC",
            "percent": 6.19,
            "fob_rate": 16.3,
            "quantity": 1835,
            "total_amount": 29910.5
          },
          {
            "size": "088",
            "unit": "CARTON",
            "grade": "SK DOMESTIC",
            "percent": 24.7,
            "fob_rate": 16.03,
            "quantity": 7315,
            "total_amount": 117259.45
          },
          {
            "size": "113",
            "unit": "CARTON",
            "grade": "SK DOMESTIC",
            "percent": 15.92,
            "fob_rate": 12.58,
            "quantity": 4716,
            "total_amount": 59328.18
          },
          {
            "size": "138",
            "unit": "CARTON",
            "grade": "SK DOMESTIC",
            "percent": 3.35,
            "fob_rate": 10.85,
            "quantity": 993,
            "total_amount": 10774.05
          },
          {
            "size": "163",
            "unit": "CARTON",
            "grade": "SK DOMESTIC",
            "percent": 0.21,
            "fob_rate": 8.786,
            "quantity": 61,
            "total_amount": 535.95
          },
          {
            "size": "056",
            "unit": "CARTON",
            "grade": "CH DOMESTIC",
            "percent": 0.47,
            "fob_rate": 11.641,
            "quantity": 138,
            "total_amount": 1606.46
          },
          {
            "size": "075",
            "unit": "CARTON",
            "grade": "CH DOMESTIC",
            "percent": 4.49,
            "fob_rate": 12,
            "quantity": 1330,
            "total_amount": 15960
          },
          {
            "size": "088",
            "unit": "CARTON",
            "grade": "CH DOMESTIC",
            "percent": 9.44,
            "fob_rate": 12.9,
            "quantity": 2795,
            "total_amount": 36055.5
          },
          {
            "size": "113",
            "unit": "CARTON",
            "grade": "CH DOMESTIC",
            "percent": 7.23,
            "fob_rate": 12.256,
            "quantity": 2142,
            "total_amount": 26252.35
          },
          {
            "size": "138",
            "unit": "CARTON",
            "grade": "CH DOMESTIC",
            "percent": 1.26,
            "fob_rate": 10.5,
            "quantity": 372,
            "total_amount": 3906
          },
          {
            "size": "163",
            "unit": "CARTON",
            "grade": "CH DOMESTIC",
            "percent": 0.11,
            "fob_rate": 8.248,
            "quantity": 34,
            "total_amount": 280.43
          },
          {
            "size": null,
            "unit": "CARTON",
            "grade": "JUICE",
            "percent": 23.67,
            "fob_rate": 4.408,
            "quantity": 7010,
            "total_amount": 30902.08
          }
        ],
        "quality_notes": null,
        "statement_type": "settlement",
        "packinghouse_format": "vpoa"
      },
      "source_statement": 54,
      "created_at": "2026-01-21T22:27:00.854Z",
      "updated_at": "2026-01-21T22:27:00.854Z"
    }
  },
  {
    "model": "api.settlementgradeline",
    "pk": 71,
    "fields": {
      "settlement": 10,
      "grade": "SK DOMESTIC",
      "size": "048",
      "unit_of_measure": "CARTON",
      "quantity": "3.00",
      "percent_of_total": "0.01",
      "fob_rate": "17.917000",
      "total_amount": "53.75"
    }
  },
  {
    "model": "api.settlementgradeline",
    "pk": 72,
    "fields": {
      "settlement": 10,
      "grade": "SK DOMESTIC",
      "size": "056",
      "unit_of_measure": "CARTON",
      "quantity": "337.00",
      "percent_of_total": "1.14",
      "fob_rate": "17.300000",
      "total_amount": "5830.10"
    }
  },
  {
    "model": "api.settlementgradeline",
    "pk": 73,
    "fields": {
      "settlement": 10,
      "grade": "SK DOMESTIC",
      "size": "075",
      "unit_of_measure": "CARTON",
      "quantity": "1835.00",
      "percent_of_total": "6.19",
      "fob_rate": "16.300000",
      "total_amount": "29910.50"
    }
  },
  {
    "model": "api.settlementgradeline",
    "pk": 74,
    "fields": {
      "settlement": 10,
      "grade": "SK DOMESTIC",
      "size": "088",
      "unit_of_measure": "CARTON",
      "quantity": "7315.00",
      "percent_of_total": "24.70",
      "fob_rate": "16.030000",
      "total_amount": "117259.45"
    }
  },
  {
    "model": "api.settlementgradeline",
    "pk": 75,
    "fields": {
      "settlement": 10,
      "grade": "SK DOMESTIC",
      "size": "113",
      "unit_of_measure": "CARTON",
      "quantity": "4716.00",
      "percent_of_total": "15.92",
      "fob_rate": "12.580000",
      "total_amount": "59328.18"
    }
  },
  {
    "model": "api.settlementgradeline",
    "pk": 76,
    "fields": {
      "settlement": 10,
      "grade": "SK DOMESTIC",
      "size": "138",
      "unit_of_measure": "CARTON",
      "quantity": "993.00",
      "percent_of_total": "3.35",
      "fob_rate": "10.850000",
      "total_amount": "10774.05"
    }
  },
  {
    "model": "api.settlementgradeline",
    "pk": 77,
    "fields": {
      "settlement": 10,
      "grade": "SK DOMESTIC",
      "size": "163",
      "unit_of_measure": "CARTON",
      "quantity": "61.00",
      "percent_of_total": "0.21",
      "fob_rate": "8.786000",
      "total_amount": "535.95"
    }
  },
  {
    "model": "api.settlementgradeline",
    "pk": 78,
    "fields": {
      "settlement": 10,
      "grade": "CH DOMESTIC",
      "size": "056",
      "unit_of_measure": "CARTON",
      "quantity": "138.00",
      "percent_of_total": "0.47",
      "fob_rate": "11.641000",
      "total_amount": "1606.46"
    }
  },
  {
    "model": "api.settlementgradeline",
    "pk": 79,
    "fields": {
      "settlement": 10,
      "grade": "CH DOMESTIC",
      "size": "075",
      "unit_of_measure": "CARTON",
      "quantity": "1330.00",
      "percent_of_total": "4.49",
      "fob_rate": "12.000000",
      "total_amount": "15960.00"
    }
  },
  {
    "model": "api.settlementgradeline",
    "pk": 80,
    "fields": {
      "settlement": 10,
      "grade": "CH DOMESTIC",
      "size": "088",
      "unit_of_measure": "CARTON",
      "quantity": "2795.00",
      "percent_of_total": "9.44",
      "fob_rate": "12.900000",
      "total_amount": "36055.50"
    }
  },
  {
    "model": "api.settlementgradeline",
    "pk": 81,
    "fields": {
      "settlement": 10,
      "grade": "CH DOMESTIC",
      "size": "113",
      "unit_of_measure": "CARTON",
      "quantity": "2142.00",
      "percent_of_total": "7.23",
      "fob_rate": "12.256000",
      "total_amount": "26252.35"
    }
  },
  {
    "model": "api.settlementgradeline",
    "pk": 82,
    "fields": {
      "settlement": 10,
      "grade": "CH DOMESTIC",
      "size": "138",
      "unit_of_measure": "CARTON",
      "quantity": "372.00",
      "percent_of_total": "1.26",
      "fob_rate": "10.500000",
      "total_amount": "3906.00"
    }
  },
  {
    "model": "api.settlementgradeline",
    "pk": 83,
    "fields": {
      "settlement": 10,
      "grade": "CH DOMESTIC",
      "size": "163",
      "unit_of_measure": "CARTON",
      "quantity": "34.00",
      "percent_of_total": "0.11",
      "fob_rate": "8.248000",
      "total_amount": "280.43"
    }
  },
  {
    "model": "api.settlementgradeline",
    "pk": 84,
    "fields": {
      "settlement": 10,
      "grade": "JUICE",
      "size": "",
      "unit_of_measure": "CARTON",
      "quantity": "7010.00",
      "percent_of_total": "23.67",
      "fob_rate": "4.408000",
      "total_amount": "30902.08"
    }
  },
  {
    "model": "api.settlementdeduction",
    "pk": 1,
    "fields": {
      "settlement": 10,
      "category": "packing",
      "description": "PACKING CHARGES",
      "quantity": "22608.00",
      "unit_of_measure": "CTN",
      "rate": "2.1000000",
      "amount": "47476.80"
    }
  },
  {
    "model": "api.settlementdeduction",
    "pk": 2,
    "fields": {
      "settlement": 10,
      "category": "packing",
      "description": "DOOR CHARGE",
      "quantity": "0.00",
      "unit_of_measure": "BINS",
      "rate": "40.0000000",
      "amount": "1287.75"
    }
  },
  {
    "model": "api.settlementdeduction",
    "pk": 3,
    "fields": {
      "settlement": 10,
      "category": "assessment",
      "description": "SUNKIST EXTRAS",
      "quantity": "22608.00",
      "unit_of_measure": "CTN",
      "rate": "0.8000000",
      "amount": "18086.40"
    }
  },
  {
    "model": "api.settlementdeduction",
    "pk": 4,
    "fields": {
      "settlement": 10,
      "category": "marketing",
      "description": "CDFA CITRUS PROGRAMS",
      "quantity": "29618.00",
      "unit_of_measure": "CTN",
      "rate": "0.1300000",
      "amount": "3850.34"
    }
  },
  {
    "model": "api.settlementdeduction",
    "pk": 5,
    "fields": {
      "settlement": 10,
      "category": "other",
      "description": "STANDARDIZATION",
      "quantity": "22508.00",
      "unit_of_measure": "CTN",
      "rate": "0.0020000",
      "amount": "45.21"
    }
  },
  {
    "model": "api.settlementdeduction",
    "pk": 6,
    "fields": {
      "settlement": 10,
      "category": "other",
      "description": "SK POLITICAL ACTION",
      "quantity": "1287.75",
      "unit_of_measure": "BINS",
      "rate": "0.0575000",
      "amount": "74.05"
    }
  },
  {
    "model": "api.settlementdeduction",
    "pk": 7,
    "fields": {
      "settlement": 10,
      "category": "pick_haul",
      "description": "PICKING-GWR ADV",
      "quantity": "1288.00",
      "unit_of_measure": "BINS",
      "rate": "65.8241000",
      "amount": "84781.44"
    }
  },
  {
    "model": "api.settlementdeduction",
    "pk": 8,
    "fields": {
      "settlement": 10,
      "category": "pick_haul",
      "description": "HAULING-GWR ADV",
      "quantity": "1288.00",
      "unit_of_measure": "BINS",
      "rate": "7.5000000",
      "amount": "9660.00"
    }
  },
  {
    "model": "api.settlementdeduction",
    "pk": 9,
    "fields": {
      "settlement": 10,
      "category": "capital",
      "description": "VPOA CAPITAL FUND",
      "quantity": "0.00",
      "unit_of_measure": "BINS",
      "rate": "3.0000000",
      "amount": "3863.25"
    }
  },
  {
    "model": "api.settlementdeduction",
    "pk": 10,
    "fields": {
      "settlement": 10,
      "category": "capital",
      "description": "SUNKIST CAPITAL FUND",
      "quantity": "29618.00",
      "unit_of_measure": "CTN",
      "rate": "0.0100000",
      "amount": "296.18"
    }
  },
  {
    "model": "api.packinghousestatement",
    "pk": 53,
    "fields": {
      "packinghouse": 6,
      "pdf_file": "packinghouse_statements/2026/01/TCC_Caras_Blk_1_030325_dmLyjIW.pdf",
      "original_filename": "TCC Caras Blk 1 030325.pdf",
      "file_size_bytes": 18001,
      "statement_type": "packout",
      "packinghouse_format": "vpoa",
      "status": "completed",
      "extracted_data": {
        "blocks": [
          {
            "bins": 648.75,
            "cartons": null,
            "block_id": "BLOCK 1 CARAS",
            "block_name": "BLOCK 1 CARAS",
            "weight_lbs": null
          }
        ],
        "header": {
          "season": "2024-2025",
          "pool_id": "2025 D2 CARA POOL",
          "variety": "CARA NAVELS",
          "commodity": "NAVELS",
          "grower_id": null,
          "pool_name": null,
          "period_end": "2025-03-03",
          "grower_name": "THACHER CREEK CITRUS LLC",
          "report_date": null,
          "run_numbers": null,
          "period_start": "2025-01-17"
        },
        "summary": {
          "total_bins": 648.75,
          "cull_percent": null,
          "juice_percent": 4.69,
          "total_cartons": 11586,
          "total_weight_lbs": null,
          "fresh_fruit_percent": 77.65,
          "total_packed_percent": 72.96,
          "house_avg_packed_percent": null
        },
        "confidence": 0.95,
        "deductions": [],
        "financials": {
          "amount_due": null,
          "net_return": null,
          "net_per_bin": null,
          "total_credits": null,
          "net_per_carton": null,
          "prior_advances": null,
          "total_deductions": null,
          "house_avg_per_bin": null,
          "house_avg_per_carton": null
        },
        "grade_lines": [
          {
            "size": "048",
            "unit": "CARTON",
            "grade": "SK DOMESTIC",
            "percent": 0.02,
            "fob_rate": null,
            "quantity": 3,
            "total_amount": null
          },
          {
            "size": "056",
            "unit": "CARTON",
            "grade": "SK DOMESTIC",
            "percent": 1.58,
            "fob_rate": null,
            "quantity": 236,
            "total_amount": null
          },
          {
            "size": "072",
            "unit": "CARTON",
            "grade": "SK DOMESTIC",
            "percent": 6.72,
            "fob_rate": null,
            "quantity": 1003,
            "total_amount": null
          },
          {
            "size": "088",
            "unit": "CARTON",
            "grade": "SK DOMESTIC",
            "percent": 22.57,
            "fob_rate": null,
            "quantity": 3367,
            "total_amount": null
          },
          {
            "size": "113",
            "unit": "CARTON",
            "grade": "SK DOMESTIC",
            "percent": 14.47,
            "fob_rate": null,
            "quantity": 2159,
            "total_amount": null
          },
          {
            "size": "138",
            "unit": "CARTON",
            "grade": "SK DOMESTIC",
            "percent": 2.74,
            "fob_rate": null,
            "quantity": 409,
            "total_amount": null
          },
          {
            "size": "056",
            "unit": "CARTON",
            "grade": "CH DOMESTIC",
            "percent": 0.64,
            "fob_rate": null,
            "quantity": 96,
            "total_amount": null
          },
          {
            "size": "072",
            "unit": "CARTON",
            "grade": "CH DOMESTIC",
            "percent": 5.17,
            "fob_rate": null,
            "quantity": 772,
            "total_amount": null
          },
          {
            "size": "088",
            "unit": "CARTON",
            "grade": "CH DOMESTIC",
            "percent": 9.22,
            "fob_rate": null,
            "quantity": 1373,
            "total_amount": null
          },
          {
            "size": "113",
            "unit": "CARTON",
            "grade": "CH DOMESTIC",
            "percent": 7.61,
            "fob_rate": null,
            "quantity": 1136,
            "total_amount": null
          },
          {
            "size": "138",
            "unit": "CARTON",
            "grade": "CH DOMESTIC",
            "percent": 2.19,
            "fob_rate": null,
            "quantity": 327,
            "total_amount": null
          },
          {
            "size": "163",
            "unit": "CARTON",
            "grade": "CH DOMESTIC",
            "percent": 0.03,
            "fob_rate": null,
            "quantity": 5,
            "total_amount": null
          },
          {
            "size": null,
            "unit": "CARTON",
            "grade": "JUICE",
            "percent": 4.69,
            "fob_rate": null,
            "quantity": 700,
            "total_amount": null
          }
        ],
        "quality_notes": null,
        "statement_type": "packout",
        "packinghouse_format": "vpoa"
      },
      "extraction_confidence": "0.95",
      "extraction_error": "",
      "pool": 2,
      "field": 6,
      "uploaded_by": [
        "your@email.com"
      ],
      "created_at": "2026-01-21T22:01:26.943Z",
      "updated_at": "2026-01-21T22:04:23.094Z"
    }
  },
  {
    "model": "api.packinghousestatement",
    "pk": 54,
    "fields": {
      "packinghouse": 6,
      "pdf_file": "packinghouse_statements/2026/01/VPOA_TCC_Cara_Navels_P1_072425_QJcKvi2.pdf",
      "original_filename": "VPOA TCC Cara Navels P1 072425.pdf",
      "file_size_bytes": 253364,
      "statement_type": "settlement",
      "packinghouse_format": "vpoa",
      "status": "completed",
      "extracted_data": {
        "blocks": [
          {
            "bins": 648.75,
            "cartons": 14921.25,
            "block_id": "1CARA",
            "block_name": "BLOCK 1 CARAS",
            "weight_lbs": null
          },
          {
            "bins": 159,
            "cartons": 3657,
            "block_id": "2CARA",
            "block_name": "BLOCK 2 CARAS",
            "weight_lbs": null
          },
          {
            "bins": 480,
            "cartons": 11040,
            "block_id": "5CARA",
            "block_name": "BLOCK 5 CARAS",
            "weight_lbs": null
          }
        ],
        "header": {
          "season": "2024-2025",
          "pool_id": "2025 b2 CARA POOL",
          "variety": "CARA NAVELS",
          "commodity": "NAVELS",
          "grower_id": null,
          "pool_name": "CARA POOL",
          "period_end": null,
          "grower_name": "THATCHER THACHER CREEK CITRUS LLC",
          "report_date": "2025-07-24",
          "run_numbers": null,
          "period_start": null
        },
        "summary": {
          "total_bins": 1287.75,
          "cull_percent": null,
          "juice_percent": 23.67,
          "total_cartons": 29618.25,
          "total_weight_lbs": null,
          "fresh_fruit_percent": null,
          "total_packed_percent": 76.33,
          "house_avg_packed_percent": null
        },
        "confidence": 0.95,
        "deductions": [
          {
            "rate": 2.1,
            "unit": "CTN",
            "amount": 47476.8,
            "category": "packing",
            "quantity": 22608,
            "description": "PACKING CHARGES"
          },
          {
            "rate": 40,
            "unit": "BINS",
            "amount": 1287.75,
            "category": "packing",
            "quantity": null,
            "description": "DOOR CHARGE"
          },
          {
            "rate": 0.8,
            "unit": "CTN",
            "amount": 18086.4,
            "category": "assessment",
            "quantity": 22608,
            "description": "SUNKIST EXTRAS"
          },
          {
            "rate": 0.13,
            "unit": "CTN",
            "amount": 3850.34,
            "category": "marketing",
            "quantity": 29618,
            "description": "CDFA CITRUS PROGRAMS"
          },
          {
            "rate": 0.002,
            "unit": "CTN",
            "amount": 45.21,
            "category": "other",
            "quantity": 22508,
            "description": "STANDARDIZATION"
          },
          {
            "rate": 0.0575,
            "unit": "BINS",
            "amount": 74.05,
            "category": "other",
            "quantity": 1287.75,
            "description": "SK POLITICAL ACTION"
          },
          {
            "rate": 65.8241,
            "unit": "BINS",
            "amount": 84781.44,
            "category": "pick_haul",
            "quantity": 1288,
            "description": "PICKING-GWR ADV"
          },
          {
            "rate": 7.5,
            "unit": "BINS",
            "amount": 9660,
            "category": "pick_haul",
            "quantity": 1288,
            "description": "HAULING-GWR ADV"
          },
          {
            "rate": 3,
            "unit": "BINS",
            "amount": 3863.25,
            "category": "capital",
            "quantity": null,
            "description": "VPOA CAPITAL FUND"
          },
          {
            "rate": 0.01,
            "unit": "CTN",
            "amount": 296.18,
            "category": "capital",
            "quantity": 29618,
            "description": "SUNKIST CAPITAL FUND"
          }
        ],
        "financials": {
          "amount_due": null,
          "net_return": 126700.09,
          "net_per_bin": 101.62,
          "total_credits": 346795.91,
          "net_per_carton": 4.42,
          "prior_advances": null,
          "total_deductions": 220095.82,
          "house_avg_per_bin": 93.75,
          "house_avg_per_carton": 4.08
        },
        "grade_lines": [
          {
            "size": "048",
            "unit": "CARTON",
            "grade": "SK DOMESTIC",
            "percent": 0.01,
            "fob_rate": 17.917,
            "quantity": 3,
            "total_amount": 53.75
          },
          {
            "size": "056",
            "unit": "CARTON",
            "grade": "SK DOMESTIC",
            "percent": 1.14,
            "fob_rate": 17.3,
            "quantity": 337,
            "total_amount": 5830.1
          },
          {
            "size": "075",
            "unit": "CARTON",
            "grade": "SK DOMESTIC",
            "percent": 6.19,
            "fob_rate": 16.3,
            "quantity": 1835,
            "total_amount": 29910.5
          },
          {
            "size": "088",
            "unit": "CARTON",
            "grade": "SK DOMESTIC",
            "percent": 24.7,
            "fob_rate": 16.03,
            "quantity": 7315,
            "total_amount": 117259.45
          },
          {
            "size": "113",
            "unit": "CARTON",
            "grade": "SK DOMESTIC",
            "percent": 15.92,
            "fob_rate": 12.58,
            "quantity": 4716,
            "total_amount": 59328.18
          },
          {
            "size": "138",
            "unit": "CARTON",
            "grade": "SK DOMESTIC",
            "percent": 3.35,
            "fob_rate": 10.85,
            "quantity": 993,
            "total_amount": 10774.05
          },
          {
            "size": "163",
            "unit": "CARTON",
            "grade": "SK DOMESTIC",
            "percent": 0.21,
            "fob_rate": 8.786,
            "quantity": 61,
            "total_amount": 535.95
          },
          {
            "size": "056",
            "unit": "CARTON",
            "grade": "CH DOMESTIC",
            "percent": 0.47,
            "fob_rate": 11.641,
            "quantity": 138,
            "total_amount": 1606.46
          },
          {
            "size": "075",
            "unit": "CARTON",
            "grade": "CH DOMESTIC",
            "percent": 4.49,
            "fob_rate": 12,
            "quantity": 1330,
            "total_amount": 15960
          },
          {
            "size": "088",
            "unit": "CARTON",
            "grade": "CH DOMESTIC",
            "percent": 9.44,
            "fob_rate": 12.9,
            "quantity": 2795,
            "total_amount": 36055.5
          },
          {
            "size": "113",
            "unit": "CARTON",
            "grade": "CH DOMESTIC",
            "percent": 7.23,
            "fob_rate": 12.256,
            "quantity": 2142,
            "total_amount": 26252.35
          },
          {
            "size": "138",
            "unit": "CARTON",
            "grade": "CH DOMESTIC",
            "percent": 1.26,
            "fob_rate": 10.5,
            "quantity": 372,
            "total_amount": 3906
          },
          {
            "size": "163",
            "unit": "CARTON",
            "grade": "CH DOMESTIC",
            "percent": 0.11,
            "fob_rate": 8.248,
            "quantity": 34,
            "total_amount": 280.43
          },
          {
            "size": null,
            "unit": "CARTON",
            "grade": "JUICE",
            "percent": 23.67,
            "fob_rate": 4.408,
            "quantity": 7010,
            "total_amount": 30902.08
          }
        ],
        "quality_notes": null,
        "statement_type": "settlement",
        "packinghouse_format": "vpoa"
      },
      "extraction_confidence": "0.95",
      "extraction_error": "",
      "pool": 2,
      "field": null,
      "uploaded_by": [
        "your@email.com"
      ],
      "created_at": "2026-01-21T22:26:04.101Z",
      "updated_at": "2026-01-21T22:27:00.876Z"
    }
  },
  {
    "model": "api.packinghousestatement",
    "pk": 55,
    "fields": {
      "packinghouse": 6,
      "pdf_file": "packinghouse_statements/2026/01/TCC_Caras_Blk_2_031025.pdf",
      "original_filename": "TCC Caras Blk 2 031025.pdf",
      "file_size_bytes": 18431,
      "statement_type": "packout",
      "packinghouse_format": "vpoa",
      "status": "completed",
      "extracted_data": {
        "blocks": [
          {
            "bins": 159,
            "cartons": null,
            "block_id": "BLOCK 2 CARAS",
            "block_name": null,
            "weight_lbs": null
          }
        ],
        "header": {
          "season": null,
          "pool_id": "2025 D2 CARA POOL",
          "variety": "CARA NAVELS",
          "commodity": "NAVELS",
          "grower_id": null,
          "pool_name": null,
          "period_end": "2025-03-10",
          "grower_name": "THACHER CREEK CITRUS LLC",
          "report_date": null,
          "run_numbers": null,
          "period_start": "2025-03-06"
        },
        "summary": {
          "total_bins": 159,
          "cull_percent": null,
          "juice_percent": 53.21,
          "total_cartons": 3657,
          "total_weight_lbs": null,
          "fresh_fruit_percent": null,
          "total_packed_percent": 46.78,
          "house_avg_packed_percent": null
        },
        "confidence": 0.95,
        "deductions": [],
        "financials": {
          "amount_due": null,
          "net_return": null,
          "net_per_bin": null,
          "total_credits": null,
          "net_per_carton": null,
          "prior_advances": null,
          "total_deductions": null,
          "house_avg_per_bin": null,
          "house_avg_per_carton": null
        },
        "grade_lines": [
          {
            "size": "056",
            "unit": "CARTON",
            "grade": "SK DOMESTIC",
            "percent": 0.57,
            "fob_rate": null,
            "quantity": 21,
            "total_amount": null
          },
          {
            "size": "072",
            "unit": "CARTON",
            "grade": "SK DOMESTIC",
            "percent": 1.61,
            "fob_rate": null,
            "quantity": 59,
            "total_amount": null
          },
          {
            "size": "088",
            "unit": "CARTON",
            "grade": "SK DOMESTIC",
            "percent": 2.16,
            "fob_rate": null,
            "quantity": 79,
            "total_amount": null
          },
          {
            "size": "113",
            "unit": "CARTON",
            "grade": "SK DOMESTIC",
            "percent": 2.25,
            "fob_rate": null,
            "quantity": 82,
            "total_amount": null
          },
          {
            "size": "138",
            "unit": "CARTON",
            "grade": "SK DOMESTIC",
            "percent": 0.49,
            "fob_rate": null,
            "quantity": 18,
            "total_amount": null
          },
          {
            "size": "056",
            "unit": "CARTON",
            "grade": "CH DOMESTIC",
            "percent": 1.29,
            "fob_rate": null,
            "quantity": 47,
            "total_amount": null
          },
          {
            "size": "072",
            "unit": "CARTON",
            "grade": "CH DOMESTIC",
            "percent": 9.73,
            "fob_rate": null,
            "quantity": 356,
            "total_amount": null
          },
          {
            "size": "088",
            "unit": "CARTON",
            "grade": "CH DOMESTIC",
            "percent": 14.97,
            "fob_rate": null,
            "quantity": 548,
            "total_amount": null
          },
          {
            "size": "113",
            "unit": "CARTON",
            "grade": "CH DOMESTIC",
            "percent": 10.86,
            "fob_rate": null,
            "quantity": 397,
            "total_amount": null
          },
          {
            "size": "138",
            "unit": "CARTON",
            "grade": "CH DOMESTIC",
            "percent": 2.82,
            "fob_rate": null,
            "quantity": 103,
            "total_amount": null
          },
          {
            "size": "163",
            "unit": "CARTON",
            "grade": "CH DOMESTIC",
            "percent": 0.03,
            "fob_rate": null,
            "quantity": 1,
            "total_amount": null
          },
          {
            "size": null,
            "unit": "CARTON",
            "grade": "JUICE",
            "percent": 53.21,
            "fob_rate": null,
            "quantity": 1946,
            "total_amount": null
          }
        ],
        "quality_notes": null,
        "statement_type": "packout",
        "packinghouse_format": "vpoa"
      },
      "extraction_confidence": "0.95",
      "extraction_error": "",
      "pool": 6,
      "field": 6,
      "uploaded_by": [
        "your@email.com"
      ],
      "created_at": "2026-01-21T23:27:40.234Z",
      "updated_at": "2026-01-21T23:29:51.985Z"
    }
  }
]